pair	exposure_role	outcome_role	threshold_used	status	n_iv	n_iv_pre_steiger	mean_F	method	b	se	p	q_pval	egger_intercept	egger_intercept_p	presso_global_p	presso_corrected_b	presso_corrected_p	steiger_passes	FLAG_REVERSE_HIT
REV_SCZ__Longchamps_2022	SCZ	Longchamps_2022	5e-08	OK	197	197	44.5	Inverse variance weighted	0.0036161683157002	0.00361110141789623	0.3166319443806	3.36080576843172e-07	0.000679409231229361	0.488380961381026		0.00558086408008531	0.0992048740010013	1	FALSE
REV_SCZ__Longchamps_2022	SCZ	Longchamps_2022	5e-08	OK	197	197	44.5	MR Egger	-0.00733371288541952	0.0161814062458169	0.65091405763875	3.05752078899164e-07	0.000679409231229361	0.488380961381026		0.00558086408008531	0.0992048740010013	1	FALSE
REV_SCZ__Longchamps_2022	SCZ	Longchamps_2022	5e-08	OK	197	197	44.5	Weighted median	0.00459019931348239	0.00453073924089366	0.311001078200806		0.000679409231229361	0.488380961381026		0.00558086408008531	0.0992048740010013	1	FALSE
REV_SCZ__Longchamps_2022	SCZ	Longchamps_2022	5e-08	OK	197	197	44.5	Robust adjusted profile score (RAPS)	0.00365515209787203	0.00362370477590801	0.313128978504883		0.000679409231229361	0.488380961381026		0.00558086408008531	0.0992048740010013	1	FALSE
REV_SCZ__Chong_2022	SCZ	Chong_2022	5e-08	OK	197	197	44.5	Inverse variance weighted	-8.974438927843e-05	0.00335930587757649	0.97868692263969	0.0235496847922695	0.000469756227636223	0.606513102835813	0.027			1	FALSE
REV_SCZ__Chong_2022	SCZ	Chong_2022	5e-08	OK	197	197	44.5	MR Egger	-0.00770195814552852	0.0151309845560606	0.61140285794226	0.0215677199741607	0.000469756227636223	0.606513102835813	0.027			1	FALSE
REV_SCZ__Chong_2022	SCZ	Chong_2022	5e-08	OK	197	197	44.5	Weighted median	0	0.00465621274959923	1		0.000469756227636223	0.606513102835813	0.027			1	FALSE
REV_SCZ__Chong_2022	SCZ	Chong_2022	5e-08	OK	197	197	44.5	Robust adjusted profile score (RAPS)	-0.000214539007979745	0.0035990635664533	0.952466512874441		0.000469756227636223	0.606513102835813	0.027			1	FALSE
REV_SCZ__Gupta_2023_raw	SCZ	Gupta_2023_raw	5e-08	OK	190	190	44.6	Inverse variance weighted	-0.00689418019348223	0.00686882299870174	0.315527269763413	3.67394640067596e-14	0.00306577631590931	0.0988529301459944		-0.00567945324200446	0.384929864025551	1	FALSE
REV_SCZ__Gupta_2023_raw	SCZ	Gupta_2023_raw	5e-08	OK	190	190	44.6	MR Egger	-0.05650923656436	0.0306784028647891	0.0671131968179471	1.02822874681618e-13	0.00306577631590931	0.0988529301459944		-0.00567945324200446	0.384929864025551	1	FALSE
REV_SCZ__Gupta_2023_raw	SCZ	Gupta_2023_raw	5e-08	OK	190	190	44.6	Weighted median	-0.00687330347113991	0.0077399742040637	0.374526408691025		0.00306577631590931	0.0988529301459944		-0.00567945324200446	0.384929864025551	1	FALSE
REV_SCZ__Gupta_2023_raw	SCZ	Gupta_2023_raw	5e-08	OK	190	190	44.6	Robust adjusted profile score (RAPS)	-0.0107543927804253	0.00716608819324634	0.133424354345328		0.00306577631590931	0.0988529301459944		-0.00567945324200446	0.384929864025551	1	FALSE
REV_SCZ__Gupta_2023_adj	SCZ	Gupta_2023_adj	5e-08	OK	190	190	44.6	Inverse variance weighted	0.00177958863887887	0.00618081951333199	0.773407099667583	6.94411800108814e-07	0.00191435503208011	0.253009795615896		0.00176106658976852	0.766145169089291	1	FALSE
REV_SCZ__Gupta_2023_adj	SCZ	Gupta_2023_adj	5e-08	OK	190	190	44.6	MR Egger	-0.0292013775426446	0.0277137624700608	0.293434979261411	8.16594607899145e-07	0.00191435503208011	0.253009795615896		0.00176106658976852	0.766145169089291	1	FALSE
REV_SCZ__Gupta_2023_adj	SCZ	Gupta_2023_adj	5e-08	OK	190	190	44.6	Weighted median	-0.00165294480220626	0.00754860655825958	0.826670690341297		0.00191435503208011	0.253009795615896		0.00176106658976852	0.766145169089291	1	FALSE
REV_SCZ__Gupta_2023_adj	SCZ	Gupta_2023_adj	5e-08	OK	190	190	44.6	Robust adjusted profile score (RAPS)	-0.000510966155331844	0.00631100630093694	0.935470350303477		0.00191435503208011	0.253009795615896		0.00176106658976852	0.766145169089291	1	FALSE
REV_BD__Longchamps_2022	BD	Longchamps_2022	5e-08	OK	66	66	37.9	Inverse variance weighted	0.00940897834640427	0.00680480638412607	0.16675810891642	0.0494480019708725	-0.000971517459652633	0.627134556702841	0.0056			1	FALSE
REV_BD__Longchamps_2022	BD	Longchamps_2022	5e-08	OK	66	66	37.9	MR Egger	0.0270046095941324	0.0366616925578618	0.464560299340955	0.0430510956439567	-0.000971517459652633	0.627134556702841	0.0056			1	FALSE
REV_BD__Longchamps_2022	BD	Longchamps_2022	5e-08	OK	66	66	37.9	Weighted median	0.00960918633498906	0.00853349094392093	0.260141932808323		-0.000971517459652633	0.627134556702841	0.0056			1	FALSE
REV_BD__Longchamps_2022	BD	Longchamps_2022	5e-08	OK	66	66	37.9	Robust adjusted profile score (RAPS)	0.00962775291316666	0.00725097797847248	0.184248545840414		-0.000971517459652633	0.627134556702841	0.0056			1	FALSE
REV_BD__Chong_2022	BD	Chong_2022	5e-08	OK	67	67	37.8	Inverse variance weighted	0.00455684258515108	0.00708754798422107	0.520265369209356	0.0135284482410577	0.000741833848179515	0.722566791546523	0.0036			1	FALSE
REV_BD__Chong_2022	BD	Chong_2022	5e-08	OK	67	67	37.8	MR Egger	-0.0089161727309528	0.0384248452085669	0.817366726245957	0.0111269020889105	0.000741833848179515	0.722566791546523	0.0036			1	FALSE
REV_BD__Chong_2022	BD	Chong_2022	5e-08	OK	67	67	37.8	Weighted median	0.00988549721739705	0.00868173854254512	0.254847452771036		0.000741833848179515	0.722566791546523	0.0036			1	FALSE
REV_BD__Chong_2022	BD	Chong_2022	5e-08	OK	67	67	37.8	Robust adjusted profile score (RAPS)	0.00408002075779107	0.00766233260246296	0.594395226415347		0.000741833848179515	0.722566791546523	0.0036			1	FALSE
REV_BD__Gupta_2023_raw	BD	Gupta_2023_raw	5e-08	OK	62	62	38.2	Inverse variance weighted	0.00467599775441803	0.0141856095641003	0.741679803454746	2.99812782041535e-05	0.00172768110029273	0.678724045099993	2e-04	0.00220415553802703	0.845390888071573	1	FALSE
REV_BD__Gupta_2023_raw	BD	Gupta_2023_raw	5e-08	OK	62	62	38.2	MR Egger	-0.0265416758363677	0.0762877820113247	0.729335839690483	2.26547810122135e-05	0.00172768110029273	0.678724045099993	2e-04	0.00220415553802703	0.845390888071573	1	FALSE
REV_BD__Gupta_2023_raw	BD	Gupta_2023_raw	5e-08	OK	62	62	38.2	Weighted median	0.000252100064123113	0.0163081236048791	0.987666346977577		0.00172768110029273	0.678724045099993	2e-04	0.00220415553802703	0.845390888071573	1	FALSE
REV_BD__Gupta_2023_raw	BD	Gupta_2023_raw	5e-08	OK	62	62	38.2	Robust adjusted profile score (RAPS)	-0.00400025064923714	0.014504776988551	0.78271051905403		0.00172768110029273	0.678724045099993	2e-04	0.00220415553802703	0.845390888071573	1	FALSE
REV_BD__Gupta_2023_adj	BD	Gupta_2023_adj	5e-08	OK	62	62	38.2	Inverse variance weighted	-0.000526202803883168	0.0107970265245806	0.961129765876278	0.238353033940712	0.00169484276265931	0.593215289198522	0.2794			1	FALSE
REV_BD__Gupta_2023_adj	BD	Gupta_2023_adj	5e-08	OK	62	62	38.2	MR Egger	-0.0311502903910231	0.0579962114969624	0.593528011248088	0.218113853591596	0.00169484276265931	0.593215289198522	0.2794			1	FALSE
REV_BD__Gupta_2023_adj	BD	Gupta_2023_adj	5e-08	OK	62	62	38.2	Weighted median	0.00357715597211693	0.0140283912316163	0.798727712564153		0.00169484276265931	0.593215289198522	0.2794			1	FALSE
REV_BD__Gupta_2023_adj	BD	Gupta_2023_adj	5e-08	OK	62	62	38.2	Robust adjusted profile score (RAPS)	-0.00523682780906477	0.0115198204390158	0.649402191829135		0.00169484276265931	0.593215289198522	0.2794			1	FALSE
REV_MDD__Longchamps_2022	MDD	Longchamps_2022	5e-08	OK	195	195	44	Inverse variance weighted	0.0135312548263677	0.00998791290158948	0.175493079124618	4.4304225362569e-07	-0.000583610287993604	0.557329271437167		0.014810149989408	0.118632246946899	1	FALSE
REV_MDD__Longchamps_2022	MDD	Longchamps_2022	5e-08	OK	195	195	44	MR Egger	0.0404841928187261	0.0469299285473671	0.389399528638073	3.87077581482263e-07	-0.000583610287993604	0.557329271437167		0.014810149989408	0.118632246946899	1	FALSE
REV_MDD__Longchamps_2022	MDD	Longchamps_2022	5e-08	OK	195	195	44	Weighted median	0.0133818278122559	0.012084378043479	0.268135775598463		-0.000583610287993604	0.557329271437167		0.014810149989408	0.118632246946899	1	FALSE
REV_MDD__Longchamps_2022	MDD	Longchamps_2022	5e-08	OK	195	195	44	Robust adjusted profile score (RAPS)	0.0155137873695943	0.00999721137667242	0.120707338563007		-0.000583610287993604	0.557329271437167		0.014810149989408	0.118632246946899	1	FALSE
REV_MDD__Chong_2022	MDD	Chong_2022	5e-08	OK	196	196	44.1	Inverse variance weighted	0.00929444423448054	0.00953237010585511	0.329540310279965	0.00249286456984695	0.000305525841633749	0.751013522324685	0.0038			1	FALSE
REV_MDD__Chong_2022	MDD	Chong_2022	5e-08	OK	196	196	44.1	MR Egger	-0.0049261885060372	0.0457573334653003	0.914386773164271	0.00216913382151132	0.000305525841633749	0.751013522324685	0.0038			1	FALSE
REV_MDD__Chong_2022	MDD	Chong_2022	5e-08	OK	196	196	44.1	Weighted median	0.00548769272429152	0.0123639709868379	0.657154299134544		0.000305525841633749	0.751013522324685	0.0038			1	FALSE
REV_MDD__Chong_2022	MDD	Chong_2022	5e-08	OK	196	196	44.1	Robust adjusted profile score (RAPS)	0.00808670956540768	0.00973796477760366	0.406295043776326		0.000305525841633749	0.751013522324685	0.0038			1	FALSE
REV_MDD__Gupta_2023_raw	MDD	Gupta_2023_raw	5e-08	OK	176	179	44.3	Inverse variance weighted	-0.0379219443460096	0.0163518050984882	0.0203880462735578	0.000559699647621314	-0.00159340023498562	0.340722675809404	8e-04			0.983240223463687	FALSE
REV_MDD__Gupta_2023_raw	MDD	Gupta_2023_raw	5e-08	OK	176	179	44.3	MR Egger	0.0360721022860185	0.0791598797170315	0.649183470779962	0.000567488833207945	-0.00159340023498562	0.340722675809404	8e-04			0.983240223463687	FALSE
REV_MDD__Gupta_2023_raw	MDD	Gupta_2023_raw	5e-08	OK	176	179	44.3	Weighted median	-0.0322136374512107	0.020823684865299	0.121870228876979		-0.00159340023498562	0.340722675809404	8e-04			0.983240223463687	FALSE
REV_MDD__Gupta_2023_raw	MDD	Gupta_2023_raw	5e-08	OK	176	179	44.3	Robust adjusted profile score (RAPS)	-0.0403031240862234	0.0170708778590454	0.0182292390366539		-0.00159340023498562	0.340722675809404	8e-04			0.983240223463687	FALSE
REV_MDD__Gupta_2023_adj	MDD	Gupta_2023_adj	5e-08	OK	179	179	44.1	Inverse variance weighted	-0.00479192216588593	0.0160616048576867	0.765438785266116	0.00202756430652868	-0.00186378558671325	0.25500788874173	0.0028			1	FALSE
REV_MDD__Gupta_2023_adj	MDD	Gupta_2023_adj	5e-08	OK	179	179	44.1	MR Egger	0.0820145759670609	0.0776900363585305	0.292560525229019	0.00219799087272982	-0.00186378558671325	0.25500788874173	0.0028			1	FALSE
REV_MDD__Gupta_2023_adj	MDD	Gupta_2023_adj	5e-08	OK	179	179	44.1	Weighted median	0.00325752187144376	0.0210056352354628	0.876759451615064		-0.00186378558671325	0.25500788874173	0.0028			1	FALSE
REV_MDD__Gupta_2023_adj	MDD	Gupta_2023_adj	5e-08	OK	179	179	44.1	Robust adjusted profile score (RAPS)	-0.00324053385466087	0.0166208294066682	0.845417811369673		-0.00186378558671325	0.25500788874173	0.0028			1	FALSE
REV_ADHD__Longchamps_2022	ADHD	Longchamps_2022	5e-08	OK	26	26	38.7	Inverse variance weighted	0.0131750684681191	0.0104275595202316	0.206414815891327	0.000258283978558822	-0.00139658444396935	0.646240542816977	0.000769230769230769	0.00385669338023126	0.65807104928149	1	FALSE
REV_ADHD__Longchamps_2022	ADHD	Longchamps_2022	5e-08	OK	26	26	38.7	MR Egger	0.0333596496433688	0.0446971357672899	0.462705597735068	0.000189671289026631	-0.00139658444396935	0.646240542816977	0.000769230769230769	0.00385669338023126	0.65807104928149	1	FALSE
REV_ADHD__Longchamps_2022	ADHD	Longchamps_2022	5e-08	OK	26	26	38.7	Weighted median	0.00790150441773114	0.0105570833240395	0.454185608820637		-0.00139658444396935	0.646240542816977	0.000769230769230769	0.00385669338023126	0.65807104928149	1	FALSE
REV_ADHD__Longchamps_2022	ADHD	Longchamps_2022	5e-08	OK	26	26	38.7	Robust adjusted profile score (RAPS)	0.012616996515526	0.0107114275467339	0.238836251451422		-0.00139658444396935	0.646240542816977	0.000769230769230769	0.00385669338023126	0.65807104928149	1	FALSE
REV_ADHD__Chong_2022	ADHD	Chong_2022	5e-08	OK	26	26	38.7	Inverse variance weighted	0.0129880484412735	0.00931302584199708	0.163133171029288	0.03633632061182	-0.00213456798688942	0.526874721773066	0.0703846153846154			1	FALSE
REV_ADHD__Chong_2022	ADHD	Chong_2022	5e-08	OK	26	26	38.7	MR Egger	0.0453606106162718	0.0511861090352388	0.385551241097702	0.0313480588250019	-0.00213456798688942	0.526874721773066	0.0703846153846154			1	FALSE
REV_ADHD__Chong_2022	ADHD	Chong_2022	5e-08	OK	26	26	38.7	Weighted median	0.00369472504894071	0.011445787305162	0.746845064896871		-0.00213456798688942	0.526874721773066	0.0703846153846154			1	FALSE
REV_ADHD__Chong_2022	ADHD	Chong_2022	5e-08	OK	26	26	38.7	Robust adjusted profile score (RAPS)	0.0124305036988589	0.00989919778567406	0.209221790021372		-0.00213456798688942	0.526874721773066	0.0703846153846154			1	FALSE
REV_ADHD__Gupta_2023_raw	ADHD	Gupta_2023_raw	5e-08	OK	23	23	39	Inverse variance weighted	-0.00107862215900056	0.0201328885182251	0.957273669874073	2.45707716915272e-05	0.000178889387736814	0.975506122973814		-0.0126399825098507	0.50953374502468	1	FALSE
REV_ADHD__Gupta_2023_raw	ADHD	Gupta_2023_raw	5e-08	OK	23	23	39	MR Egger	-0.00370009371803781	0.0868496016321394	0.966420121676847	1.40856669435733e-05	0.000178889387736814	0.975506122973814		-0.0126399825098507	0.50953374502468	1	FALSE
REV_ADHD__Gupta_2023_raw	ADHD	Gupta_2023_raw	5e-08	OK	23	23	39	Weighted median	-0.0282612386581023	0.020912734454754	0.176570865464244		0.000178889387736814	0.975506122973814		-0.0126399825098507	0.50953374502468	1	FALSE
REV_ADHD__Gupta_2023_raw	ADHD	Gupta_2023_raw	5e-08	OK	23	23	39	Robust adjusted profile score (RAPS)	-0.00618503172452399	0.020259607742141	0.760146190741773		0.000178889387736814	0.975506122973814		-0.0126399825098507	0.50953374502468	1	FALSE
REV_ADHD__Gupta_2023_adj	ADHD	Gupta_2023_adj	5e-08	OK	23	23	39	Inverse variance weighted	0.00406050870698152	0.0182860428171349	0.824271005561747	0.00093980838005031	0.00178318982206205	0.735797235063355	0.00130434782608696			1	FALSE
REV_ADHD__Gupta_2023_adj	ADHD	Gupta_2023_adj	5e-08	OK	23	23	39	MR Egger	-0.0220703113194108	0.0786664315382686	0.781796586837591	0.000645228973154127	0.00178318982206205	0.735797235063355	0.00130434782608696			1	FALSE
REV_ADHD__Gupta_2023_adj	ADHD	Gupta_2023_adj	5e-08	OK	23	23	39	Weighted median	-0.0123924562919863	0.020119988638756	0.537942305405142		0.00178318982206205	0.735797235063355	0.00130434782608696			1	FALSE
REV_ADHD__Gupta_2023_adj	ADHD	Gupta_2023_adj	5e-08	OK	23	23	39	Robust adjusted profile score (RAPS)	0.00712517545600339	0.0195088946229737	0.714941949969069		0.00178318982206205	0.735797235063355	0.00130434782608696			1	FALSE
REV_ASD__Longchamps_2022	ASD	Longchamps_2022	1e-05	OK	53	53	22.7	Inverse variance weighted	-0.00212972378463522	0.00444076694857784	0.631522743820134	0.903244228768484	-0.000457960023025073	0.647625460575654	0.6972			1	FALSE
REV_ASD__Longchamps_2022	ASD	Longchamps_2022	1e-05	OK	53	53	22.7	MR Egger	0.00234028805293302	0.0106824785394103	0.827559044768172	0.888305220449847	-0.000457960023025073	0.647625460575654	0.6972			1	FALSE
REV_ASD__Longchamps_2022	ASD	Longchamps_2022	1e-05	OK	53	53	22.7	Weighted median	-0.00307768184516989	0.00606180573829632	0.611651822171324		-0.000457960023025073	0.647625460575654	0.6972			1	FALSE
REV_ASD__Longchamps_2022	ASD	Longchamps_2022	1e-05	OK	53	53	22.7	Robust adjusted profile score (RAPS)	-0.00250868629564838	0.00471672952596292	0.594816130144551		-0.000457960023025073	0.647625460575654	0.6972			1	FALSE
REV_ASD__Chong_2022	ASD	Chong_2022	1e-05	OK	54	54	22.7	Inverse variance weighted	0.0034636408942389	0.00444068377943104	0.435403129957581	0.754731287544806	-0.00167648557794515	0.101486330319031	0.5578			1	FALSE
REV_ASD__Chong_2022	ASD	Chong_2022	1e-05	OK	54	54	22.7	MR Egger	0.0197919662711902	0.0107364562245249	0.0715758491343788	0.817676189242913	-0.00167648557794515	0.101486330319031	0.5578			1	FALSE
REV_ASD__Chong_2022	ASD	Chong_2022	1e-05	OK	54	54	22.7	Weighted median	0.00309194491723624	0.00622628968247651	0.619474612669763		-0.00167648557794515	0.101486330319031	0.5578			1	FALSE
REV_ASD__Chong_2022	ASD	Chong_2022	1e-05	OK	54	54	22.7	Robust adjusted profile score (RAPS)	0.00284245017791109	0.00473631643626064	0.548413326004716		-0.00167648557794515	0.101486330319031	0.5578			1	FALSE
REV_ASD__Gupta_2023_raw	ASD	Gupta_2023_raw	1e-05	OK	48	48	22.5	Inverse variance weighted	-0.00650905517036923	0.0083037305392294	0.433115693993137	0.225198732049487	-0.0008288472813642	0.658238811777669	0.18375			1	FALSE
REV_ASD__Gupta_2023_raw	ASD	Gupta_2023_raw	1e-05	OK	48	48	22.5	MR Egger	0.00147754715345915	0.0197897349269118	0.940837888498582	0.200935295125556	-0.0008288472813642	0.658238811777669	0.18375			1	FALSE
REV_ASD__Gupta_2023_raw	ASD	Gupta_2023_raw	1e-05	OK	48	48	22.5	Weighted median	-0.00811545550512071	0.0116764149488378	0.487036671564658		-0.0008288472813642	0.658238811777669	0.18375			1	FALSE
REV_ASD__Gupta_2023_raw	ASD	Gupta_2023_raw	1e-05	OK	48	48	22.5	Robust adjusted profile score (RAPS)	-0.00486153903607053	0.00886490877333814	0.583415490336614		-0.0008288472813642	0.658238811777669	0.18375			1	FALSE
REV_ASD__Gupta_2023_adj	ASD	Gupta_2023_adj	1e-05	OK	48	48	22.5	Inverse variance weighted	-0.000266010207243352	0.00779205532813473	0.972766592530195	0.472684569348949	0.00106664268757893	0.543545386744314	0.375			1	FALSE
REV_ASD__Gupta_2023_adj	ASD	Gupta_2023_adj	1e-05	OK	48	48	22.5	MR Egger	-0.0105452309439064	0.0185274246741749	0.572273131631123	0.445688308697748	0.00106664268757893	0.543545386744314	0.375			1	FALSE
REV_ASD__Gupta_2023_adj	ASD	Gupta_2023_adj	1e-05	OK	48	48	22.5	Weighted median	-0.0155332958906385	0.0109162721064129	0.154751008846965		0.00106664268757893	0.543545386744314	0.375			1	FALSE
REV_ASD__Gupta_2023_adj	ASD	Gupta_2023_adj	1e-05	OK	48	48	22.5	Robust adjusted profile score (RAPS)	-0.000776116346762691	0.008347939376996	0.925926592927746		0.00106664268757893	0.543545386744314	0.375			1	FALSE
REV_F3_NDev__Longchamps_2022	F3_NDev	Longchamps_2022	1e-05	OK	27	27	23.8	Inverse variance weighted	-0.00814350053264201	0.0246564250131373	0.741189124246972	1.86827726623762e-05	-0.00104660855612299	0.73410820243798		0.00680168998415369	0.736473936715249	1	FALSE
REV_F3_NDev__Longchamps_2022	F3_NDev	Longchamps_2022	1e-05	OK	27	27	23.8	MR Egger	0.0261350995479821	0.102902062830776	0.80158803267385	1.22986182699243e-05	-0.00104660855612299	0.73410820243798		0.00680168998415369	0.736473936715249	1	FALSE
REV_F3_NDev__Longchamps_2022	F3_NDev	Longchamps_2022	1e-05	OK	27	27	23.8	Weighted median	-0.0294765065568466	0.0250394329219777	0.23911431620444		-0.00104660855612299	0.73410820243798		0.00680168998415369	0.736473936715249	1	FALSE
REV_F3_NDev__Longchamps_2022	F3_NDev	Longchamps_2022	1e-05	OK	27	27	23.8	Robust adjusted profile score (RAPS)	-0.00226201899834121	0.017085929016426	0.894675228790682		-0.00104660855612299	0.73410820243798		0.00680168998415369	0.736473936715249	1	FALSE
REV_F3_NDev__Chong_2022	F3_NDev	Chong_2022	1e-05	OK	26	27	24	Inverse variance weighted	-0.0153489603168754	0.0223730562877402	0.49268369154479	0.00162862771400654	-0.00286012977685134	0.29915254722854	0.00153846153846154	-0.00406899288706305	0.839566997898124	0.962962962962963	FALSE
REV_F3_NDev__Chong_2022	F3_NDev	Chong_2022	1e-05	OK	26	27	24	MR Egger	0.0776742328142531	0.0904530188546103	0.398988127252658	0.00209052187435387	-0.00286012977685134	0.29915254722854	0.00153846153846154	-0.00406899288706305	0.839566997898124	0.962962962962963	FALSE
REV_F3_NDev__Chong_2022	F3_NDev	Chong_2022	1e-05	OK	26	27	24	Weighted median	-0.0182591368885726	0.0239343476651009	0.445532429469298		-0.00286012977685134	0.29915254722854	0.00153846153846154	-0.00406899288706305	0.839566997898124	0.962962962962963	FALSE
REV_F3_NDev__Chong_2022	F3_NDev	Chong_2022	1e-05	OK	26	27	24	Robust adjusted profile score (RAPS)	-0.0131166021727785	0.0172428817225641	0.446838282784171		-0.00286012977685134	0.29915254722854	0.00153846153846154	-0.00406899288706305	0.839566997898124	0.962962962962963	FALSE
REV_F3_NDev__Gupta_2023_raw	F3_NDev	Gupta_2023_raw	1e-05	OK	24	24	24.2	Inverse variance weighted	-0.039486799649781	0.0505105881821566	0.43435979617662	1.95794439738196e-08	0.00185604085585688	0.764699675672967		-0.0327114955790966	0.432699817657925	1	FALSE
REV_F3_NDev__Gupta_2023_raw	F3_NDev	Gupta_2023_raw	1e-05	OK	24	24	24.2	MR Egger	-0.0996864801486337	0.205223615101612	0.631950278004227	1.12744586723988e-08	0.00185604085585688	0.764699675672967		-0.0327114955790966	0.432699817657925	1	FALSE
REV_F3_NDev__Gupta_2023_raw	F3_NDev	Gupta_2023_raw	1e-05	OK	24	24	24.2	Weighted median	-0.0429834714232609	0.0468898550444588	0.359304993666826		0.00185604085585688	0.764699675672967		-0.0327114955790966	0.432699817657925	1	FALSE
REV_F3_NDev__Gupta_2023_raw	F3_NDev	Gupta_2023_raw	1e-05	OK	24	24	24.2	Robust adjusted profile score (RAPS)	-0.0481984922034551	0.0304753201801799	0.113750465202678		0.00185604085585688	0.764699675672967		-0.0327114955790966	0.432699817657925	1	FALSE
REV_F3_NDev__Gupta_2023_adj	F3_NDev	Gupta_2023_adj	1e-05	OK	24	24	24.2	Inverse variance weighted	-0.015805657842194	0.0444933794513278	0.722412667455572	1.91828698814044e-05	0.000980752109700489	0.857584748877837		0.00711735576547985	0.857651058360072	1	FALSE
REV_F3_NDev__Gupta_2023_adj	F3_NDev	Gupta_2023_adj	1e-05	OK	24	24	24.2	MR Egger	-0.0476152697970057	0.180996365401967	0.794942359098035	1.14053940182611e-05	0.000980752109700489	0.857584748877837		0.00711735576547985	0.857651058360072	1	FALSE
REV_F3_NDev__Gupta_2023_adj	F3_NDev	Gupta_2023_adj	1e-05	OK	24	24	24.2	Weighted median	-0.0350619911497291	0.0421525189052688	0.405528193185607		0.000980752109700489	0.857584748877837		0.00711735576547985	0.857651058360072	1	FALSE
REV_F3_NDev__Gupta_2023_adj	F3_NDev	Gupta_2023_adj	1e-05	OK	24	24	24.2	Robust adjusted profile score (RAPS)	-0.00521813799952926	0.0301903874160771	0.862776376171709		0.000980752109700489	0.857584748877837		0.00711735576547985	0.857651058360072	1	FALSE
REV_ANX__Longchamps_2022	ANX	Longchamps_2022	5e-08	OK	55	55	37.3	Inverse variance weighted	0.021044568434842	0.0126886906094323	0.0972106264840948	0.000346117547511599	0.00172043786107186	0.332431846493961		0.0260946362510268	0.0368073237699769	1	FALSE
REV_ANX__Longchamps_2022	ANX	Longchamps_2022	5e-08	OK	55	55	37.3	MR Egger	-0.0287706491270592	0.0524848621490658	0.585876484247349	0.000379609449839456	0.00172043786107186	0.332431846493961		0.0260946362510268	0.0368073237699769	1	FALSE
REV_ANX__Longchamps_2022	ANX	Longchamps_2022	5e-08	OK	55	55	37.3	Weighted median	0.0119436760406422	0.0148072732197248	0.419891934942811		0.00172043786107186	0.332431846493961		0.0260946362510268	0.0368073237699769	1	FALSE
REV_ANX__Longchamps_2022	ANX	Longchamps_2022	5e-08	OK	55	55	37.3	Robust adjusted profile score (RAPS)	0.0205640594434375	0.0133980610407315	0.12481984415482		0.00172043786107186	0.332431846493961		0.0260946362510268	0.0368073237699769	1	FALSE
REV_ANX__Chong_2022	ANX	Chong_2022	5e-08	OK	55	55	37.3	Inverse variance weighted	0.0273468831140097	0.0105981996162881	0.0098705113620162	0.176897436877068	0.00126016794552658	0.385322002982846	0.1246			1	FALSE
REV_ANX__Chong_2022	ANX	Chong_2022	5e-08	OK	55	55	37.3	MR Egger	-0.00918482223330496	0.0430501799454257	0.831903377346423	0.172702882772562	0.00126016794552658	0.385322002982846	0.1246			1	FALSE
REV_ANX__Chong_2022	ANX	Chong_2022	5e-08	OK	55	55	37.3	Weighted median	0.0461304159215117	0.0148605938271861	0.00190787341763477		0.00126016794552658	0.385322002982846	0.1246			1	FALSE
REV_ANX__Chong_2022	ANX	Chong_2022	5e-08	OK	55	55	37.3	Robust adjusted profile score (RAPS)	0.0310051685364257	0.0109084588512633	0.00447886027698386		0.00126016794552658	0.385322002982846	0.1246			1	FALSE
REV_ANX__Gupta_2023_raw	ANX	Gupta_2023_raw	5e-08	OK	52	52	37.3	Inverse variance weighted	0.0135183853870235	0.0221531855500034	0.54171403484029	0.000197930446154441	-0.00015193661838932	0.961266124474709	2e-04	-0.00340270087588472	0.857765098302046	1	FALSE
REV_ANX__Gupta_2023_raw	ANX	Gupta_2023_raw	5e-08	OK	52	52	37.3	MR Egger	0.0179030560829127	0.0925777221554313	0.847441647283181	0.000140547643726645	-0.00015193661838932	0.961266124474709	2e-04	-0.00340270087588472	0.857765098302046	1	FALSE
REV_ANX__Gupta_2023_raw	ANX	Gupta_2023_raw	5e-08	OK	52	52	37.3	Weighted median	0.0160531194466757	0.0254947200770969	0.528914132220487		-0.00015193661838932	0.961266124474709	2e-04	-0.00340270087588472	0.857765098302046	1	FALSE
REV_ANX__Gupta_2023_raw	ANX	Gupta_2023_raw	5e-08	OK	52	52	37.3	Robust adjusted profile score (RAPS)	0.00879918892427202	0.0220462570889341	0.689801885494129		-0.00015193661838932	0.961266124474709	2e-04	-0.00340270087588472	0.857765098302046	1	FALSE
REV_ANX__Gupta_2023_adj	ANX	Gupta_2023_adj	5e-08	OK	52	52	37.3	Inverse variance weighted	0.0211954237704135	0.0199191101577567	0.287294801742818	0.0151626172894061	0.00254111805062625	0.364375796824055	0.0134	0.0293601577888057	0.116820407376831	1	FALSE
REV_ANX__Gupta_2023_adj	ANX	Gupta_2023_adj	5e-08	OK	52	52	37.3	MR Egger	-0.0521386818787767	0.0825584760417162	0.530566710914556	0.0152350764608743	0.00254111805062625	0.364375796824055	0.0134	0.0293601577888057	0.116820407376831	1	FALSE
REV_ANX__Gupta_2023_adj	ANX	Gupta_2023_adj	5e-08	OK	52	52	37.3	Weighted median	0.00488904627389748	0.0247897553643022	0.843655041818353		0.00254111805062625	0.364375796824055	0.0134	0.0293601577888057	0.116820407376831	1	FALSE
REV_ANX__Gupta_2023_adj	ANX	Gupta_2023_adj	5e-08	OK	52	52	37.3	Robust adjusted profile score (RAPS)	0.0218845174970629	0.0202175463785869	0.279051865135546		0.00254111805062625	0.364375796824055	0.0134	0.0293601577888057	0.116820407376831	1	FALSE
REV_OCD__Longchamps_2022	OCD	Longchamps_2022	1e-05	OK	71	71	22.3	Inverse variance weighted	-0.00346161088553786	0.00527511143448949	0.511685355545667	0.0302356273455483	-0.00120394825167094	0.37696588176134	0.0316			1	FALSE
REV_OCD__Longchamps_2022	OCD	Longchamps_2022	1e-05	OK	71	71	22.3	MR Egger	0.0143601552600101	0.0207262679157382	0.49073034322094	0.0297753969219038	-0.00120394825167094	0.37696588176134	0.0316			1	FALSE
REV_OCD__Longchamps_2022	OCD	Longchamps_2022	1e-05	OK	71	71	22.3	Weighted median	-0.00470183738133004	0.00637677677287149	0.460917062595882		-0.00120394825167094	0.37696588176134	0.0316			1	FALSE
REV_OCD__Longchamps_2022	OCD	Longchamps_2022	1e-05	OK	71	71	22.3	Robust adjusted profile score (RAPS)	-0.00226728799104835	0.00567960024970468	0.689746936617637		-0.00120394825167094	0.37696588176134	0.0316			1	FALSE
REV_OCD__Chong_2022	OCD	Chong_2022	1e-05	OK	71	71	22.3	Inverse variance weighted	0.00284720912007852	0.00499278550336946	0.568498207364699	0.595175497095258	0.000432425907167443	0.718234188879755	0.7176			1	FALSE
REV_OCD__Chong_2022	OCD	Chong_2022	1e-05	OK	71	71	22.3	MR Egger	-0.00353818725563962	0.0183063112150862	0.847405942411279	0.563744378665544	0.000432425907167443	0.718234188879755	0.7176			1	FALSE
REV_OCD__Chong_2022	OCD	Chong_2022	1e-05	OK	71	71	22.3	Weighted median	-0.00140259471925735	0.00730121667101554	0.847660549482567		0.000432425907167443	0.718234188879755	0.7176			1	FALSE
REV_OCD__Chong_2022	OCD	Chong_2022	1e-05	OK	71	71	22.3	Robust adjusted profile score (RAPS)	0.00358645831944881	0.00533773815982061	0.501643537634432		0.000432425907167443	0.718234188879755	0.7176			1	FALSE
REV_OCD__Gupta_2023_raw	OCD	Gupta_2023_raw	1e-05	OK	68	68	22.3	Inverse variance weighted	0.00309003600105629	0.00918587605707769	0.736576858836281	0.0189583676451924	0.00130653625337768	0.575019890439762	0.0208			1	FALSE
REV_OCD__Gupta_2023_raw	OCD	Gupta_2023_raw	1e-05	OK	68	68	22.3	MR Egger	-0.0163265930256848	0.0356741564183286	0.64870066973722	0.0167117591307205	0.00130653625337768	0.575019890439762	0.0208			1	FALSE
REV_OCD__Gupta_2023_raw	OCD	Gupta_2023_raw	1e-05	OK	68	68	22.3	Weighted median	0.0202247130241738	0.0112616657435584	0.0725120112975397		0.00130653625337768	0.575019890439762	0.0208			1	FALSE
REV_OCD__Gupta_2023_raw	OCD	Gupta_2023_raw	1e-05	OK	68	68	22.3	Robust adjusted profile score (RAPS)	0.00494179778157108	0.0101226153084696	0.625412593320554		0.00130653625337768	0.575019890439762	0.0208			1	FALSE
REV_OCD__Gupta_2023_adj	OCD	Gupta_2023_adj	1e-05	OK	68	68	22.3	Inverse variance weighted	0.00307745790175508	0.00827298617908659	0.709901215206937	0.251713459271883	0.000153888292006262	0.941626867309232	0.2484			1	FALSE
REV_OCD__Gupta_2023_adj	OCD	Gupta_2023_adj	1e-05	OK	68	68	22.3	MR Egger	0.000790339898235887	0.032212336495507	0.980499644988266	0.225401711366308	0.000153888292006262	0.941626867309232	0.2484			1	FALSE
REV_OCD__Gupta_2023_adj	OCD	Gupta_2023_adj	1e-05	OK	68	68	22.3	Weighted median	-0.0017762350208731	0.0115489665064417	0.877767162636762		0.000153888292006262	0.941626867309232	0.2484			1	FALSE
REV_OCD__Gupta_2023_adj	OCD	Gupta_2023_adj	1e-05	OK	68	68	22.3	Robust adjusted profile score (RAPS)	0.00200956516601877	0.0092704766155334	0.828387260518017		0.000153888292006262	0.941626867309232	0.2484			1	FALSE
