region_id	CHR	POS_START	POS_END	n_leads	lead_snp
R001	1	25083610	26083610	1	rs72660908
R002	1	204737137	205737137	1	rs1668871
R003	3	38675004	169243961	3	rs17791786;rs13084580;rs73166131
R004	4	102293500	103301941	3	rs2216546;rs6816787;rs4698839
R005	5	87680196	88680196	1	rs114694170
R006	7	134750270	135789854	2	rs4728358;rs6959832
R007	8	8530387	144910798	2	rs453301;rs2450771
R008	10	98588419	104920754	3	rs4919090;rs11593061;rs61691222
R009	11	3615974	4643721	2	rs12806698;rs4910886
R010	12	18605915	120646925	3	rs5012419;rs148475745;rs11064881
R011	14	20438251	21438251	1	rs1760940
R012	17	27244033	28244033	1	rs1967556
R013	18	9109957	10109957	1	rs680478
R014	20	57097970	58097970	1	rs463312
