pair	exposure	outcome	status	n_ivs	method	beta	se	p
Longchamps_2022__SCZ	Longchamps_2022	SCZ	OK	84	Inverse variance weighted	0.0141963162820445	0.0676647612995146	0.833820896667575
Longchamps_2022__SCZ	Longchamps_2022	SCZ	OK	84	MR Egger	-0.257176443456471	0.14014372631825	0.0709314412054513
Longchamps_2022__SCZ	Longchamps_2022	SCZ	OK	84	Weighted median	-0.11331995717684	0.0796783623508255	0.154963135052769
Longchamps_2022__SCZ	Longchamps_2022	SCZ	OK	84	Robust adjusted profile score (RAPS)	-0.0158612417172627	0.069435334104765	0.819310532398763
Longchamps_2022__BD	Longchamps_2022	BD	OK	85	Inverse variance weighted	0.036891343940491	0.0611557435621292	0.546351725672995
Longchamps_2022__BD	Longchamps_2022	BD	OK	85	MR Egger	0.232957973350035	0.124557908683164	0.0658142203164122
Longchamps_2022__BD	Longchamps_2022	BD	OK	85	Weighted median	0.0854769593631574	0.0743161385746411	0.250069613907592
Longchamps_2022__BD	Longchamps_2022	BD	OK	85	Robust adjusted profile score (RAPS)	0.0483410199602972	0.0609938351142433	0.428036648468902
Longchamps_2022__MDD	Longchamps_2022	MDD	OK	79	Inverse variance weighted	-0.0296412723177069	0.0251350096529366	0.238285778786631
Longchamps_2022__MDD	Longchamps_2022	MDD	OK	79	MR Egger	0.0142914177075921	0.0512236661997778	0.78113037293812
Longchamps_2022__MDD	Longchamps_2022	MDD	OK	79	Weighted median	-0.0150924538310845	0.0275045312134398	0.583193439696318
Longchamps_2022__MDD	Longchamps_2022	MDD	OK	79	Robust adjusted profile score (RAPS)	-0.0311737699841632	0.0254297842345687	0.220245226079026
Longchamps_2022__ADHD	Longchamps_2022	ADHD	OK	76	Inverse variance weighted	-0.0315239368205777	0.0789933463014858	0.689841047211282
Longchamps_2022__ADHD	Longchamps_2022	ADHD	OK	76	MR Egger	0.117020241254032	0.170965699855566	0.496316296711615
Longchamps_2022__ADHD	Longchamps_2022	ADHD	OK	76	Weighted median	0.07554918519471	0.10340242784557	0.465003591193999
Longchamps_2022__ADHD	Longchamps_2022	ADHD	OK	76	Robust adjusted profile score (RAPS)	-0.0403954254569575	0.0802238104526302	0.61458880075382
Longchamps_2022__ASD	Longchamps_2022	ASD	OK	82	Inverse variance weighted	-0.200101788345311	0.0823857925333365	0.0151472761102933
Longchamps_2022__ASD	Longchamps_2022	ASD	OK	82	MR Egger	-0.159171105957217	0.168356584977238	0.347935472633313
Longchamps_2022__ASD	Longchamps_2022	ASD	OK	82	Weighted median	-0.232903510945473	0.130211042299626	0.0736693063844847
Longchamps_2022__ASD	Longchamps_2022	ASD	OK	82	Robust adjusted profile score (RAPS)	-0.225360865234158	0.0854249574214659	0.0083368294166893
Longchamps_2022__ANX	Longchamps_2022	ANX	OK	85	Inverse variance weighted	0.00917215933020836	0.0431521513272267	0.83167490916167
Longchamps_2022__ANX	Longchamps_2022	ANX	OK	85	MR Egger	0.129031918012395	0.0885101507539505	0.149362041689828
Longchamps_2022__ANX	Longchamps_2022	ANX	OK	85	Weighted median	0.063719003267584	0.0477765484767907	0.182306171124284
Longchamps_2022__ANX	Longchamps_2022	ANX	OK	85	Robust adjusted profile score (RAPS)	0.0367848852693773	0.0438215853526188	0.401231487199147
Longchamps_2022__OCD	Longchamps_2022	OCD	OK	70	Inverse variance weighted	0.00119057035331666	0.0652786957868497	0.985448774198447
Longchamps_2022__OCD	Longchamps_2022	OCD	OK	70	MR Egger	-0.121629113970788	0.134286831987855	0.368271025300801
Longchamps_2022__OCD	Longchamps_2022	OCD	OK	70	Weighted median	0.0835603212771967	0.101171136057939	0.408843549864279
Longchamps_2022__OCD	Longchamps_2022	OCD	OK	70	Robust adjusted profile score (RAPS)	0.00474192525488405	0.0676364008114226	0.94410684652451
Longchamps_2022__PTSD	Longchamps_2022	PTSD	OK	84	Inverse variance weighted	0.0171670755907317	0.0118425442402653	0.147167187196101
Longchamps_2022__PTSD	Longchamps_2022	PTSD	OK	84	MR Egger	0.0209915361072706	0.0238410084646715	0.381236679787058
Longchamps_2022__PTSD	Longchamps_2022	PTSD	OK	84	Weighted median	0.0141290628023326	0.0166354349092143	0.395694720232343
Longchamps_2022__PTSD	Longchamps_2022	PTSD	OK	84	Robust adjusted profile score (RAPS)	0.0110399804059865	0.0120572770410259	0.359862042753778
Longchamps_2022__AN	Longchamps_2022	AN	OK	74	Inverse variance weighted	0.0150642751547308	0.0851038852552379	0.859500198552593
Longchamps_2022__AN	Longchamps_2022	AN	OK	74	MR Egger	0.112177399759201	0.179746495301553	0.534897730760136
Longchamps_2022__AN	Longchamps_2022	AN	OK	74	Weighted median	-0.023832789000374	0.140573953239488	0.8653725782491
Longchamps_2022__AN	Longchamps_2022	AN	OK	74	Robust adjusted profile score (RAPS)	0.0265268080991217	0.0880833463514141	0.763295714543054
Longchamps_2022__BPD	Longchamps_2022	BPD	OK	58	Inverse variance weighted	-0.0231120010150347	0.0975812069987246	0.812774018099565
Longchamps_2022__BPD	Longchamps_2022	BPD	OK	58	MR Egger	0.0144429664695903	0.200740184752631	0.94290867149037
Longchamps_2022__BPD	Longchamps_2022	BPD	OK	58	Weighted median	-0.0884973557436942	0.156762980293417	0.572393704210351
Longchamps_2022__BPD	Longchamps_2022	BPD	OK	58	Robust adjusted profile score (RAPS)	-0.0704449768893598	0.101017516164533	0.485581232542267
Longchamps_2022__TS	Longchamps_2022	TS	OK	76	Inverse variance weighted	0.0918669794806837	0.162221399974372	0.571185667799633
Longchamps_2022__TS	Longchamps_2022	TS	OK	76	MR Egger	0.303961008255396	0.333550676888551	0.365851567573093
Longchamps_2022__TS	Longchamps_2022	TS	OK	76	Weighted median	0.0515821231911303	0.246687992280676	0.83437123794183
Longchamps_2022__TS	Longchamps_2022	TS	OK	76	Robust adjusted profile score (RAPS)	0.0634739616096985	0.167596824879011	0.704888301822848
Longchamps_2022__PPD	Longchamps_2022	PPD	OK	84	Inverse variance weighted	0.0166369708177866	0.0781918823025567	0.831505526305575
Longchamps_2022__PPD	Longchamps_2022	PPD	OK	84	MR Egger	0.116308622401774	0.161139111849501	0.472527941757865
Longchamps_2022__PPD	Longchamps_2022	PPD	OK	84	Weighted median	0.134983967246967	0.119240943172528	0.257623083027578
Longchamps_2022__PPD	Longchamps_2022	PPD	OK	84	Robust adjusted profile score (RAPS)	0.0260475880923411	0.0811693345621034	0.748282918917864
Longchamps_2022__ADR_PercImp	Longchamps_2022	ADR_PercImp	OK	52	Inverse variance weighted	-0.134456430810561	0.13163584997245	0.307052108597188
Longchamps_2022__ADR_PercImp	Longchamps_2022	ADR_PercImp	OK	52	MR Egger	-0.321715120180674	0.26883609603276	0.237302366368408
Longchamps_2022__ADR_PercImp	Longchamps_2022	ADR_PercImp	OK	52	Weighted median	-0.208032744292734	0.182439603717227	0.254168496356759
Longchamps_2022__ADR_PercImp	Longchamps_2022	ADR_PercImp	OK	52	Robust adjusted profile score (RAPS)	-0.134654226940996	0.135309199957839	0.319658727655299
Longchamps_2022__ADR_NonRem	Longchamps_2022	ADR_NonRem	OK	44	Inverse variance weighted	0.137993086421225	0.326021616880305	0.672102941526114
Longchamps_2022__ADR_NonRem	Longchamps_2022	ADR_NonRem	OK	44	MR Egger	0.206930989728389	0.672263279842254	0.759822211861174
Longchamps_2022__ADR_NonRem	Longchamps_2022	ADR_NonRem	OK	44	Weighted median	0.0473453787411308	0.440707841707449	0.914447612105023
Longchamps_2022__ADR_NonRem	Longchamps_2022	ADR_NonRem	OK	44	Robust adjusted profile score (RAPS)	0.138138437565351	0.334931391762382	0.680018406258626
Longchamps_2022__BD_noUKBB	Longchamps_2022	BD_noUKBB	OK	78	Inverse variance weighted	0.126810181633996	0.0558652276841669	0.0232118030116802
Longchamps_2022__BD_noUKBB	Longchamps_2022	BD_noUKBB	OK	78	MR Egger	0.171039555325039	0.112878600321497	0.133968596922882
Longchamps_2022__BD_noUKBB	Longchamps_2022	BD_noUKBB	OK	78	Weighted median	0.114227262647534	0.0856740705455818	0.182440938169782
Longchamps_2022__BD_noUKBB	Longchamps_2022	BD_noUKBB	OK	78	Robust adjusted profile score (RAPS)	0.138372427541419	0.0627240157494612	0.0273803733476648
Longchamps_2022__MDD_noUKBB	Longchamps_2022	MDD_noUKBB	OK	85	Inverse variance weighted	0.0440393832045145	0.0537309369593413	0.412428176780837
Longchamps_2022__MDD_noUKBB	Longchamps_2022	MDD_noUKBB	OK	85	MR Egger	0.0281687044968664	0.107155607168068	0.793321492366606
Longchamps_2022__MDD_noUKBB	Longchamps_2022	MDD_noUKBB	OK	85	Weighted median	0.00272155800091802	0.0845573583213395	0.974323769196832
Longchamps_2022__MDD_noUKBB	Longchamps_2022	MDD_noUKBB	OK	85	Robust adjusted profile score (RAPS)	0.0429151843980485	0.0565049977998405	0.447557338963368
Longchamps_2022__BPD_noUKBB	Longchamps_2022	BPD_noUKBB	OK	59	Inverse variance weighted	-0.0324996140441695	0.0978692243796089	0.739835008353066
Longchamps_2022__BPD_noUKBB	Longchamps_2022	BPD_noUKBB	OK	59	MR Egger	0.0243157588738505	0.200984355694157	0.904145145213393
Longchamps_2022__BPD_noUKBB	Longchamps_2022	BPD_noUKBB	OK	59	Weighted median	-0.0486802681173629	0.160570554072813	0.761759867812391
Longchamps_2022__BPD_noUKBB	Longchamps_2022	BPD_noUKBB	OK	59	Robust adjusted profile score (RAPS)	-0.0667441432444818	0.101348967532886	0.51017983159068
Longchamps_2022__PFactor	Longchamps_2022	PFactor	OK	33	Inverse variance weighted	0.0125119881630897	0.0164017483883518	0.445555970767086
Longchamps_2022__PFactor	Longchamps_2022	PFactor	OK	33	MR Egger	8.92032876827483e-05	0.0350278520094291	0.997984396222481
Longchamps_2022__PFactor	Longchamps_2022	PFactor	OK	33	Weighted median	0.00861870347171867	0.0168850876872643	0.609748245893125
Longchamps_2022__PFactor	Longchamps_2022	PFactor	OK	33	Robust adjusted profile score (RAPS)	0.0100420720332503	0.0168519302472565	0.551241763696485
Longchamps_2022__F1	Longchamps_2022	F1	OK	33	Inverse variance weighted	0.0123282076527551	0.0522023439863867	0.813306999481073
Longchamps_2022__F1	Longchamps_2022	F1	OK	33	MR Egger	-0.138833712005846	0.113271829773847	0.229553804645898
Longchamps_2022__F1	Longchamps_2022	F1	OK	33	Weighted median	-0.0648475227730401	0.0760758212245546	0.393988526370309
Longchamps_2022__F1	Longchamps_2022	F1	OK	33	Robust adjusted profile score (RAPS)	0.0159667049709538	0.0539597107451729	0.767306075134236
Longchamps_2022__F2	Longchamps_2022	F2	OK	33	Inverse variance weighted	0.0480892038175737	0.0476680925041148	0.313054137589075
Longchamps_2022__F2	Longchamps_2022	F2	OK	33	MR Egger	-0.0939939408337514	0.101291147637645	0.360598579087013
Longchamps_2022__F2	Longchamps_2022	F2	OK	33	Weighted median	-0.00583191021323621	0.0501179048905902	0.907364218299132
Longchamps_2022__F2	Longchamps_2022	F2	OK	33	Robust adjusted profile score (RAPS)	0.0418838035215954	0.0461904007860476	0.364531485711386
Longchamps_2022__F3	Longchamps_2022	F3	OK	33	Inverse variance weighted	-0.0821944727609938	0.0416406753567433	0.0483932686157263
Longchamps_2022__F3	Longchamps_2022	F3	OK	33	MR Egger	-0.0459792289321926	0.0902667379183328	0.614099443223387
Longchamps_2022__F3	Longchamps_2022	F3	OK	33	Weighted median	-0.0334963515912912	0.0615222270178431	0.586125415677526
Longchamps_2022__F3	Longchamps_2022	F3	OK	33	Robust adjusted profile score (RAPS)	-0.0731982501137564	0.0431504853131569	0.0898199485159835
Longchamps_2022__F4	Longchamps_2022	F4	OK	33	Inverse variance weighted	0.00851837573366204	0.0175911526810986	0.628214101537206
Longchamps_2022__F4	Longchamps_2022	F4	OK	33	MR Egger	0.0120795168792702	0.0375103173622462	0.749590205373367
Longchamps_2022__F4	Longchamps_2022	F4	OK	33	Weighted median	0.00332897642439645	0.0184587114765469	0.856880024378506
Longchamps_2022__F4	Longchamps_2022	F4	OK	33	Robust adjusted profile score (RAPS)	0.00899919975618449	0.0181042179719411	0.619134387058224
Longchamps_2022__F5	Longchamps_2022	F5	OK	33	Inverse variance weighted	0.0555050180685874	0.0257258707694015	0.0309623347799229
Longchamps_2022__F5	Longchamps_2022	F5	OK	33	MR Egger	0.0401877735094694	0.0537949735322878	0.460659758540977
Longchamps_2022__F5	Longchamps_2022	F5	OK	33	Weighted median	0.0776723067117076	0.0320092746019894	0.0152428853780935
Longchamps_2022__F5	Longchamps_2022	F5	OK	33	Robust adjusted profile score (RAPS)	0.0535846305526853	0.0253002106118583	0.0341791367557714
Longchamps_2022__BMI	Longchamps_2022	BMI	OK	31	Inverse variance weighted	-0.0678143089556748	0.0297426337770411	0.0226054872183524
Longchamps_2022__BMI	Longchamps_2022	BMI	OK	31	MR Egger	-0.0297447856652901	0.0619759537042401	0.63499759040852
Longchamps_2022__BMI	Longchamps_2022	BMI	OK	31	Weighted median	-0.038812090180782	0.0252056818511122	0.123605423763301
Longchamps_2022__BMI	Longchamps_2022	BMI	OK	31	Robust adjusted profile score (RAPS)	-0.0566648217212112	0.0285164368987881	0.046912054623899
Longchamps_2022__Height	Longchamps_2022	Height	OK	29	Inverse variance weighted	-0.0328282010261705	0.0338788670981029	0.332551392166873
Longchamps_2022__Height	Longchamps_2022	Height	OK	29	MR Egger	-0.0293438925680557	0.0708318497293299	0.682070387737044
Longchamps_2022__Height	Longchamps_2022	Height	OK	29	Weighted median	-0.0301313268212197	0.0206133066220915	0.143812045965107
Longchamps_2022__Height	Longchamps_2022	Height	OK	29	Robust adjusted profile score (RAPS)	-0.0262620495920769	0.0319374301561307	0.410907944530522
Chong_2022__SCZ	Chong_2022	SCZ	OK	58	Inverse variance weighted	-0.0308239795946209	0.0788714672655429	0.695935606993817
Chong_2022__SCZ	Chong_2022	SCZ	OK	58	MR Egger	-0.29524087511488	0.180862131369881	0.109276349226572
Chong_2022__SCZ	Chong_2022	SCZ	OK	58	Weighted median	-0.13927897950442	0.0918790363568991	0.129545883661723
Chong_2022__SCZ	Chong_2022	SCZ	OK	58	Robust adjusted profile score (RAPS)	-0.0589005041535731	0.0805697333422659	0.464748608571527
Chong_2022__BD	Chong_2022	BD	OK	57	Inverse variance weighted	0.0351130306762398	0.0710181129843455	0.621007054363474
Chong_2022__BD	Chong_2022	BD	OK	57	MR Egger	0.180284516871736	0.159461948605006	0.264092278555424
Chong_2022__BD	Chong_2022	BD	OK	57	Weighted median	0.115618803602916	0.0863946036543951	0.180810333399496
Chong_2022__BD	Chong_2022	BD	OK	57	Robust adjusted profile score (RAPS)	0.0455316958887011	0.0708948699726642	0.52071576621581
Chong_2022__MDD	Chong_2022	MDD	OK	53	Inverse variance weighted	0.00185726483038945	0.0271249123191979	0.945410852465545
Chong_2022__MDD	Chong_2022	MDD	OK	53	MR Egger	0.00475079042424168	0.0609786682100815	0.938245793949623
Chong_2022__MDD	Chong_2022	MDD	OK	53	Weighted median	-0.0106667967393056	0.0321781305974946	0.740272791945384
Chong_2022__MDD	Chong_2022	MDD	OK	53	Robust adjusted profile score (RAPS)	0.00175945874616463	0.0268886253486056	0.947827612020227
Chong_2022__ADHD	Chong_2022	ADHD	OK	50	Inverse variance weighted	-0.0189647915687292	0.0906100825908135	0.834213179237002
Chong_2022__ADHD	Chong_2022	ADHD	OK	50	MR Egger	-0.0757092992006412	0.21012071514899	0.72046246323705
Chong_2022__ADHD	Chong_2022	ADHD	OK	50	Weighted median	0.0918705800399725	0.114306164793835	0.421556531524869
Chong_2022__ADHD	Chong_2022	ADHD	OK	50	Robust adjusted profile score (RAPS)	-0.0140897619630958	0.0891406239029968	0.87440779640607
Chong_2022__ASD	Chong_2022	ASD	OK	59	Inverse variance weighted	-0.243416972461872	0.0964645155697212	0.0116231547286401
Chong_2022__ASD	Chong_2022	ASD	OK	59	MR Egger	-0.328154814135079	0.216368383747862	0.135914204630097
Chong_2022__ASD	Chong_2022	ASD	OK	59	Weighted median	-0.278729571321181	0.149668360513808	0.0625587602473124
Chong_2022__ASD	Chong_2022	ASD	OK	59	Robust adjusted profile score (RAPS)	-0.28329660463515	0.100025398167093	0.00462221705976052
Chong_2022__ANX	Chong_2022	ANX	OK	55	Inverse variance weighted	-0.0358453431585368	0.0511042371433156	0.483043274194702
Chong_2022__ANX	Chong_2022	ANX	OK	55	MR Egger	0.230588959096402	0.107296473752035	0.0368089350108554
Chong_2022__ANX	Chong_2022	ANX	OK	55	Weighted median	0.0537296146978855	0.05525936784161	0.330892941655949
Chong_2022__ANX	Chong_2022	ANX	OK	55	Robust adjusted profile score (RAPS)	-0.00563745551735816	0.0505997201115023	0.911289025670931
Chong_2022__OCD	Chong_2022	OCD	OK	48	Inverse variance weighted	-0.0174977660175593	0.0819533580882319	0.830930098584422
Chong_2022__OCD	Chong_2022	OCD	OK	48	MR Egger	-0.143263546725503	0.185819522273735	0.445247951856388
Chong_2022__OCD	Chong_2022	OCD	OK	48	Weighted median	0.0471210024131148	0.123040748142479	0.701741483101962
Chong_2022__OCD	Chong_2022	OCD	OK	48	Robust adjusted profile score (RAPS)	-0.0123007049741088	0.0847548808450926	0.884606098145213
Chong_2022__PTSD	Chong_2022	PTSD	OK	56	Inverse variance weighted	0.00701900740258059	0.0161788329722693	0.664405417753847
Chong_2022__PTSD	Chong_2022	PTSD	OK	56	MR Egger	0.0248812793343817	0.0360283042029623	0.493284814155276
Chong_2022__PTSD	Chong_2022	PTSD	OK	56	Weighted median	0.00225159532414949	0.0195829172659105	0.90846293776713
Chong_2022__PTSD	Chong_2022	PTSD	OK	56	Robust adjusted profile score (RAPS)	0.00414414987961234	0.0157728363329691	0.792751235160227
Chong_2022__AN	Chong_2022	AN	OK	50	Inverse variance weighted	0.0740177210270312	0.101824346743397	0.467277570348179
Chong_2022__AN	Chong_2022	AN	OK	50	MR Egger	-0.12084608982483	0.237492705146416	0.61359099330655
Chong_2022__AN	Chong_2022	AN	OK	50	Weighted median	-0.036983317203283	0.150363189005333	0.805713262519551
Chong_2022__AN	Chong_2022	AN	OK	50	Robust adjusted profile score (RAPS)	0.103193924924725	0.105302116325084	0.327096192852308
Chong_2022__BPD	Chong_2022	BPD	OK	37	Inverse variance weighted	-0.0141249836017899	0.13577421550513	0.917143250210948
Chong_2022__BPD	Chong_2022	BPD	OK	37	MR Egger	0.172726005053626	0.321789320825727	0.595387031685174
Chong_2022__BPD	Chong_2022	BPD	OK	37	Weighted median	-0.131223972169925	0.201626641295995	0.515158456812908
Chong_2022__BPD	Chong_2022	BPD	OK	37	Robust adjusted profile score (RAPS)	-0.0873222238380608	0.139109932976039	0.530186737281266
Chong_2022__TS	Chong_2022	TS	OK	50	Inverse variance weighted	0.140484571214153	0.193010111148402	0.466698556222194
Chong_2022__TS	Chong_2022	TS	OK	50	MR Egger	0.0366936127442535	0.448781739205761	0.935233258992775
Chong_2022__TS	Chong_2022	TS	OK	50	Weighted median	0.0872029422489747	0.278506721952041	0.754197903346266
Chong_2022__TS	Chong_2022	TS	OK	50	Robust adjusted profile score (RAPS)	0.121683251123184	0.199559194358758	0.542020680171311
Chong_2022__PPD	Chong_2022	PPD	OK	59	Inverse variance weighted	0.0756077537430498	0.0989723647942338	0.444910192272492
Chong_2022__PPD	Chong_2022	PPD	OK	59	MR Egger	0.207130663657532	0.224112147340594	0.359990872105777
Chong_2022__PPD	Chong_2022	PPD	OK	59	Weighted median	0.156175506772966	0.143686474407067	0.277072769484711
Chong_2022__PPD	Chong_2022	PPD	OK	59	Robust adjusted profile score (RAPS)	0.0673894343998772	0.104734306645844	0.519943639158657
Chong_2022__ADR_PercImp	Chong_2022	ADR_PercImp	OK	41	Inverse variance weighted	-0.222617847907633	0.161508194935889	0.16808946828266
Chong_2022__ADR_PercImp	Chong_2022	ADR_PercImp	OK	41	MR Egger	-0.389198821936345	0.376902118320566	0.309520672733528
Chong_2022__ADR_PercImp	Chong_2022	ADR_PercImp	OK	41	Weighted median	-0.336621860586734	0.210655657715997	0.110049189767478
Chong_2022__ADR_PercImp	Chong_2022	ADR_PercImp	OK	41	Robust adjusted profile score (RAPS)	-0.223020219283967	0.166120053592955	0.179426036065316
Chong_2022__ADR_NonRem	Chong_2022	ADR_NonRem	OK	34	Inverse variance weighted	0.144547028789021	0.39373642162048	0.713532325135326
Chong_2022__ADR_NonRem	Chong_2022	ADR_NonRem	OK	34	MR Egger	0.52083886672462	0.967219920821609	0.594650504079696
Chong_2022__ADR_NonRem	Chong_2022	ADR_NonRem	OK	34	Weighted median	0.0344741078810215	0.534799603188329	0.948602578360877
Chong_2022__ADR_NonRem	Chong_2022	ADR_NonRem	OK	34	Robust adjusted profile score (RAPS)	0.144740529893466	0.404637849773562	0.720564927249532
Chong_2022__BD_noUKBB	Chong_2022	BD_noUKBB	OK	56	Inverse variance weighted	0.099762875632769	0.0763119925136489	0.191109919696835
Chong_2022__BD_noUKBB	Chong_2022	BD_noUKBB	OK	56	MR Egger	0.156086841159063	0.173900418336842	0.374091670727555
Chong_2022__BD_noUKBB	Chong_2022	BD_noUKBB	OK	56	Weighted median	0.101632707348967	0.103433902583863	0.325811224461851
Chong_2022__BD_noUKBB	Chong_2022	BD_noUKBB	OK	56	Robust adjusted profile score (RAPS)	0.110165664172385	0.0835410873521167	0.187269297555453
Chong_2022__MDD_noUKBB	Chong_2022	MDD_noUKBB	OK	55	Inverse variance weighted	0.0603276724104618	0.0716130636188195	0.39955762636771
Chong_2022__MDD_noUKBB	Chong_2022	MDD_noUKBB	OK	55	MR Egger	0.0417996928898171	0.163198849180627	0.799019758058837
Chong_2022__MDD_noUKBB	Chong_2022	MDD_noUKBB	OK	55	Weighted median	0.0194389721747793	0.103643058736928	0.851224004987233
Chong_2022__MDD_noUKBB	Chong_2022	MDD_noUKBB	OK	55	Robust adjusted profile score (RAPS)	0.0646802216433421	0.0702355478612139	0.357100366609114
Chong_2022__BPD_noUKBB	Chong_2022	BPD_noUKBB	OK	35	Inverse variance weighted	-0.0696878261114446	0.132026310427695	0.597615342125104
Chong_2022__BPD_noUKBB	Chong_2022	BPD_noUKBB	OK	35	MR Egger	0.154226303992164	0.307785637441289	0.620229044338727
Chong_2022__BPD_noUKBB	Chong_2022	BPD_noUKBB	OK	35	Weighted median	-0.110461074855281	0.21017394198999	0.599187150268655
Chong_2022__BPD_noUKBB	Chong_2022	BPD_noUKBB	OK	35	Robust adjusted profile score (RAPS)	-0.153673656065826	0.134053505709701	0.251645981688107
Chong_2022__PFactor	Chong_2022	PFactor	OK	29	Inverse variance weighted	-0.00871866762103852	0.0177437042814562	0.623167024381839
Chong_2022__PFactor	Chong_2022	PFactor	OK	29	MR Egger	0.00860377920091785	0.0398453426055519	0.830665821808866
Chong_2022__PFactor	Chong_2022	PFactor	OK	29	Weighted median	0.00974732810929472	0.0174500746273341	0.576445833285335
Chong_2022__PFactor	Chong_2022	PFactor	OK	29	Robust adjusted profile score (RAPS)	-0.00989569453032386	0.0175671959698337	0.573227012283274
Chong_2022__F1	Chong_2022	F1	OK	29	Inverse variance weighted	-0.0738024890986984	0.0591550394356615	0.212173478847614
Chong_2022__F1	Chong_2022	F1	OK	29	MR Egger	-0.0427366950284695	0.139762525589694	0.76211681269763
Chong_2022__F1	Chong_2022	F1	OK	29	Weighted median	-0.0766320700856227	0.079084940736578	0.332552996422907
Chong_2022__F1	Chong_2022	F1	OK	29	Robust adjusted profile score (RAPS)	-0.0598390628342322	0.0596983739159361	0.316171365074257
Chong_2022__F2	Chong_2022	F2	OK	29	Inverse variance weighted	0.00552601715414448	0.0516687474202619	0.914827961299261
Chong_2022__F2	Chong_2022	F2	OK	29	MR Egger	-0.0866796962769226	0.119516470038496	0.474536136756558
Chong_2022__F2	Chong_2022	F2	OK	29	Weighted median	-0.00746765458004624	0.0563591414238793	0.894587863961889
Chong_2022__F2	Chong_2022	F2	OK	29	Robust adjusted profile score (RAPS)	-0.0121634271380412	0.0518040738656552	0.81436650598027
Chong_2022__F3	Chong_2022	F3	OK	29	Inverse variance weighted	-0.127646074169463	0.0459153481266202	0.00543537714359339
Chong_2022__F3	Chong_2022	F3	OK	29	MR Egger	-0.15454631947594	0.105111550715332	0.153036763039655
Chong_2022__F3	Chong_2022	F3	OK	29	Weighted median	-0.102666318429382	0.0647838122518161	0.113022543367073
Chong_2022__F3	Chong_2022	F3	OK	29	Robust adjusted profile score (RAPS)	-0.118443207617336	0.0475057512837093	0.0126583490789965
Chong_2022__F4	Chong_2022	F4	OK	29	Inverse variance weighted	-0.00650074400714596	0.0205628761552162	0.751896381969924
Chong_2022__F4	Chong_2022	F4	OK	29	MR Egger	0.0210366654404664	0.0463196005614595	0.653341246837043
Chong_2022__F4	Chong_2022	F4	OK	29	Weighted median	-0.013895127528339	0.0203355251999067	0.494421545420605
Chong_2022__F4	Chong_2022	F4	OK	29	Robust adjusted profile score (RAPS)	-0.00408440002397523	0.0205950308710631	0.84279495157074
Chong_2022__F5	Chong_2022	F5	OK	29	Inverse variance weighted	0.0359391673969602	0.0317083615499209	0.257034262277296
Chong_2022__F5	Chong_2022	F5	OK	29	MR Egger	0.0453235927055571	0.0650130813484562	0.491671202100535
Chong_2022__F5	Chong_2022	F5	OK	29	Weighted median	0.0155755623666057	0.036818228084956	0.672266490231951
Chong_2022__F5	Chong_2022	F5	OK	29	Robust adjusted profile score (RAPS)	0.0316719687216963	0.0305477318740459	0.299827850012443
Chong_2022__BMI	Chong_2022	BMI	OK	25	Inverse variance weighted	-0.0509082173167429	0.0444533923777032	0.252124526211141
Chong_2022__BMI	Chong_2022	BMI	OK	25	MR Egger	0.0427290194769158	0.105730557154411	0.69020242021383
Chong_2022__BMI	Chong_2022	BMI	OK	25	Weighted median	-0.0374630185317102	0.027177910453353	0.168068620026225
Chong_2022__BMI	Chong_2022	BMI	OK	25	Robust adjusted profile score (RAPS)	-0.0299714391141334	0.0387509465079691	0.439263444065731
Chong_2022__Height	Chong_2022	Height	OK	24	Inverse variance weighted	0.0286447519050889	0.0482915244589081	0.553071983327614
Chong_2022__Height	Chong_2022	Height	OK	24	MR Egger	-0.096707784411998	0.113700223385691	0.405087256726986
Chong_2022__Height	Chong_2022	Height	OK	24	Weighted median	-0.027217733143428	0.0243508352387303	0.263681026346185
Chong_2022__Height	Chong_2022	Height	OK	24	Robust adjusted profile score (RAPS)	0.017916347632209	0.0421046401360873	0.670457971187803
Gupta_2023_adj__SCZ	Gupta_2023_adj	SCZ	OK	41	Inverse variance weighted	-0.0736780699107601	0.0612426890624009	0.228956638572326
Gupta_2023_adj__SCZ	Gupta_2023_adj	SCZ	OK	41	MR Egger	-0.290972962899272	0.11205506956561	0.0135445186317581
Gupta_2023_adj__SCZ	Gupta_2023_adj	SCZ	OK	41	Weighted median	-0.0936530340311164	0.0604736823028387	0.121464026321887
Gupta_2023_adj__SCZ	Gupta_2023_adj	SCZ	OK	41	Robust adjusted profile score (RAPS)	-0.100949330569621	0.057239844089287	0.0777959877720986
Gupta_2023_adj__BD	Gupta_2023_adj	BD	OK	41	Inverse variance weighted	-0.0318948616395762	0.0514634248518841	0.535417221420488
Gupta_2023_adj__BD	Gupta_2023_adj	BD	OK	41	MR Egger	-0.0314433937487925	0.0994830267419583	0.753776264116647
Gupta_2023_adj__BD	Gupta_2023_adj	BD	OK	41	Weighted median	-0.0537761548544973	0.06396612240388	0.400517459457766
Gupta_2023_adj__BD	Gupta_2023_adj	BD	OK	41	Robust adjusted profile score (RAPS)	-0.0428318830268797	0.0494575858435244	0.386472269360661
Gupta_2023_adj__MDD	Gupta_2023_adj	MDD	OK	40	Inverse variance weighted	0.0155732606468807	0.0196953192638627	0.429113987504661
Gupta_2023_adj__MDD	Gupta_2023_adj	MDD	OK	40	MR Egger	-0.0226948134188211	0.0372278171584503	0.546051276612546
Gupta_2023_adj__MDD	Gupta_2023_adj	MDD	OK	40	Weighted median	-0.00519443218024273	0.022330005167601	0.816055578175818
Gupta_2023_adj__MDD	Gupta_2023_adj	MDD	OK	40	Robust adjusted profile score (RAPS)	0.013494150894622	0.0195722485191187	0.490538065749754
Gupta_2023_adj__ADHD	Gupta_2023_adj	ADHD	OK	36	Inverse variance weighted	-0.106373901814721	0.0647912783002528	0.100632799404468
Gupta_2023_adj__ADHD	Gupta_2023_adj	ADHD	OK	36	MR Egger	0.0399672813302562	0.123557313839323	0.748442660822912
Gupta_2023_adj__ADHD	Gupta_2023_adj	ADHD	OK	36	Weighted median	0.0398002235582644	0.0804581967109815	0.620833367503053
Gupta_2023_adj__ADHD	Gupta_2023_adj	ADHD	OK	36	Robust adjusted profile score (RAPS)	-0.110048242276873	0.0666836007634694	0.0988806850614331
Gupta_2023_adj__ASD	Gupta_2023_adj	ASD	OK	42	Inverse variance weighted	-0.130383796976346	0.0762683831837492	0.0873511019109776
Gupta_2023_adj__ASD	Gupta_2023_adj	ASD	OK	42	MR Egger	-0.0741497683985035	0.145203617823808	0.612622229924827
Gupta_2023_adj__ASD	Gupta_2023_adj	ASD	OK	42	Weighted median	-0.0982687081743061	0.108492876179371	0.365061917963044
Gupta_2023_adj__ASD	Gupta_2023_adj	ASD	OK	42	Robust adjusted profile score (RAPS)	-0.14911224415178	0.0720111688959802	0.0383885066677045
Gupta_2023_adj__ANX	Gupta_2023_adj	ANX	OK	40	Inverse variance weighted	0.00503946763304863	0.0334645172403028	0.880298066302852
Gupta_2023_adj__ANX	Gupta_2023_adj	ANX	OK	40	MR Egger	-0.00478245738934277	0.065835235113054	0.942471366984778
Gupta_2023_adj__ANX	Gupta_2023_adj	ANX	OK	40	Weighted median	0.0469080261161419	0.0404185661720523	0.245822340268554
Gupta_2023_adj__ANX	Gupta_2023_adj	ANX	OK	40	Robust adjusted profile score (RAPS)	0.0104738354115274	0.0335914510948508	0.755192049809714
Gupta_2023_adj__OCD	Gupta_2023_adj	OCD	OK	35	Inverse variance weighted	0.0209826173932234	0.0552049410840995	0.703881683193266
Gupta_2023_adj__OCD	Gupta_2023_adj	OCD	OK	35	MR Egger	-0.121436192898853	0.108214590685233	0.269885069890293
Gupta_2023_adj__OCD	Gupta_2023_adj	OCD	OK	35	Weighted median	0.0649372578386202	0.0827193772167476	0.432435517739633
Gupta_2023_adj__OCD	Gupta_2023_adj	OCD	OK	35	Robust adjusted profile score (RAPS)	0.0211536516084471	0.0572158295647381	0.711593536361557
Gupta_2023_adj__PTSD	Gupta_2023_adj	PTSD	OK	40	Inverse variance weighted	0.000985653507912775	0.00931304906772984	0.915712673797525
Gupta_2023_adj__PTSD	Gupta_2023_adj	PTSD	OK	40	MR Egger	-0.00737220335949525	0.0182032800792868	0.687753521892308
Gupta_2023_adj__PTSD	Gupta_2023_adj	PTSD	OK	40	Weighted median	0.0113266709965364	0.0137843797637241	0.411245753468933
Gupta_2023_adj__PTSD	Gupta_2023_adj	PTSD	OK	40	Robust adjusted profile score (RAPS)	-0.0025262519482949	0.00935608541292494	0.787151300153712
Gupta_2023_adj__AN	Gupta_2023_adj	AN	OK	38	Inverse variance weighted	-0.0173130959191123	0.0729268069109949	0.812343596940045
Gupta_2023_adj__AN	Gupta_2023_adj	AN	OK	38	MR Egger	-0.141120935540973	0.141535120522949	0.325984174424658
Gupta_2023_adj__AN	Gupta_2023_adj	AN	OK	38	Weighted median	-0.0324168716108306	0.11834176430487	0.784141584681719
Gupta_2023_adj__AN	Gupta_2023_adj	AN	OK	38	Robust adjusted profile score (RAPS)	0.0113953204447404	0.0756668581475801	0.880292391468461
Gupta_2023_adj__BPD	Gupta_2023_adj	BPD	OK	33	Inverse variance weighted	-0.0541005652822212	0.0981071432428568	0.581329556339667
Gupta_2023_adj__BPD	Gupta_2023_adj	BPD	OK	33	MR Egger	0.0877773203826824	0.192548258527783	0.651659678124326
Gupta_2023_adj__BPD	Gupta_2023_adj	BPD	OK	33	Weighted median	-0.10473008025025	0.126737422353003	0.40860284261112
Gupta_2023_adj__BPD	Gupta_2023_adj	BPD	OK	33	Robust adjusted profile score (RAPS)	-0.142076519542077	0.101529617325084	0.161704954410675
Gupta_2023_adj__TS	Gupta_2023_adj	TS	OK	40	Inverse variance weighted	0.0345638740445823	0.133309587217647	0.795422888785193
Gupta_2023_adj__TS	Gupta_2023_adj	TS	OK	40	MR Egger	-0.0498941732290798	0.258877445431606	0.848314889861718
Gupta_2023_adj__TS	Gupta_2023_adj	TS	OK	40	Weighted median	-0.0460024385295184	0.198019321644399	0.816295010756136
Gupta_2023_adj__TS	Gupta_2023_adj	TS	OK	40	Robust adjusted profile score (RAPS)	0.0320758675316428	0.138164986088248	0.816416642958583
Gupta_2023_adj__PPD	Gupta_2023_adj	PPD	OK	42	Inverse variance weighted	0.021280874099376	0.0664668573916363	0.748837406674956
Gupta_2023_adj__PPD	Gupta_2023_adj	PPD	OK	42	MR Egger	0.0260539549351049	0.13240751602875	0.845003170038212
Gupta_2023_adj__PPD	Gupta_2023_adj	PPD	OK	42	Weighted median	0.0536148758824735	0.102976570816365	0.602609770477394
Gupta_2023_adj__PPD	Gupta_2023_adj	PPD	OK	42	Robust adjusted profile score (RAPS)	0.0173189763458529	0.0688617102554501	0.801424685891613
Gupta_2023_adj__ADR_PercImp	Gupta_2023_adj	ADR_PercImp	OK	34	Inverse variance weighted	-0.0785981856622731	0.104679082736108	0.45274353006959
Gupta_2023_adj__ADR_PercImp	Gupta_2023_adj	ADR_PercImp	OK	34	MR Egger	-0.219236416265788	0.209944593958875	0.304190658895177
Gupta_2023_adj__ADR_PercImp	Gupta_2023_adj	ADR_PercImp	OK	34	Weighted median	-0.19472355163347	0.149631571763622	0.193137523555817
Gupta_2023_adj__ADR_PercImp	Gupta_2023_adj	ADR_PercImp	OK	34	Robust adjusted profile score (RAPS)	-0.0855327875397581	0.108061608888931	0.428641350139716
Gupta_2023_adj__ADR_NonRem	Gupta_2023_adj	ADR_NonRem	OK	29	Inverse variance weighted	-0.00652205761044608	0.247636858358394	0.978988396302706
Gupta_2023_adj__ADR_NonRem	Gupta_2023_adj	ADR_NonRem	OK	29	MR Egger	0.0729317235537286	0.491171695987239	0.883063303723806
Gupta_2023_adj__ADR_NonRem	Gupta_2023_adj	ADR_NonRem	OK	29	Weighted median	-0.0297473807939183	0.334697173873544	0.929178475121493
Gupta_2023_adj__ADR_NonRem	Gupta_2023_adj	ADR_NonRem	OK	29	Robust adjusted profile score (RAPS)	0.00444459612468899	0.254929598931174	0.986089904850135
Gupta_2023_adj__BD_noUKBB	Gupta_2023_adj	BD_noUKBB	OK	41	Inverse variance weighted	-0.0193450772977347	0.0544712182667547	0.722482389535161
Gupta_2023_adj__BD_noUKBB	Gupta_2023_adj	BD_noUKBB	OK	41	MR Egger	-0.0247507447936191	0.106982857632105	0.818250548471566
Gupta_2023_adj__BD_noUKBB	Gupta_2023_adj	BD_noUKBB	OK	41	Weighted median	-0.0711801001274993	0.0739583473152326	0.335831152161019
Gupta_2023_adj__BD_noUKBB	Gupta_2023_adj	BD_noUKBB	OK	41	Robust adjusted profile score (RAPS)	-0.0137703110249591	0.0586852442669156	0.814482799640284
Gupta_2023_adj__MDD_noUKBB	Gupta_2023_adj	MDD_noUKBB	OK	43	Inverse variance weighted	-0.00981131140746209	0.0513938926906925	0.84860062763954
Gupta_2023_adj__MDD_noUKBB	Gupta_2023_adj	MDD_noUKBB	OK	43	MR Egger	0.00425644743199737	0.102238347188977	0.966993677456027
Gupta_2023_adj__MDD_noUKBB	Gupta_2023_adj	MDD_noUKBB	OK	43	Weighted median	-0.0447725263082001	0.0642668924111625	0.486012158453789
Gupta_2023_adj__MDD_noUKBB	Gupta_2023_adj	MDD_noUKBB	OK	43	Robust adjusted profile score (RAPS)	0.0018724922809273	0.0504469391879208	0.970390875861959
Gupta_2023_adj__BPD_noUKBB	Gupta_2023_adj	BPD_noUKBB	OK	33	Inverse variance weighted	-0.0595538719781569	0.0967866101181998	0.538349312747013
Gupta_2023_adj__BPD_noUKBB	Gupta_2023_adj	BPD_noUKBB	OK	33	MR Egger	0.0764506416563977	0.190152564749926	0.69040669118442
Gupta_2023_adj__BPD_noUKBB	Gupta_2023_adj	BPD_noUKBB	OK	33	Weighted median	-0.00501689509064231	0.126761084386703	0.968429913745569
Gupta_2023_adj__BPD_noUKBB	Gupta_2023_adj	BPD_noUKBB	OK	33	Robust adjusted profile score (RAPS)	-0.13670409993735	0.101156591111477	0.176563907061067
Gupta_2023_adj__PFactor	Gupta_2023_adj	PFactor	OK	21	Inverse variance weighted	0.0073060089080997	0.0134790765387822	0.587800647601959
Gupta_2023_adj__PFactor	Gupta_2023_adj	PFactor	OK	21	MR Egger	-0.024768186161455	0.0273290921167037	0.376130909454893
Gupta_2023_adj__PFactor	Gupta_2023_adj	PFactor	OK	21	Weighted median	0.00524619624661347	0.0111811526660287	0.638926722840011
Gupta_2023_adj__PFactor	Gupta_2023_adj	PFactor	OK	21	Robust adjusted profile score (RAPS)	0.00104884241472041	0.0126142040751199	0.933734075412755
Gupta_2023_adj__F1	Gupta_2023_adj	F1	OK	21	Inverse variance weighted	-0.0142405964881465	0.0408244725922559	0.727220696622331
Gupta_2023_adj__F1	Gupta_2023_adj	F1	OK	21	MR Egger	-0.135913481763279	0.0848593487316338	0.125732386041564
Gupta_2023_adj__F1	Gupta_2023_adj	F1	OK	21	Weighted median	-0.0380384830248467	0.0569550237072593	0.504217348269133
Gupta_2023_adj__F1	Gupta_2023_adj	F1	OK	21	Robust adjusted profile score (RAPS)	-0.00556468029290945	0.0418460836693736	0.894209422852143
Gupta_2023_adj__F2	Gupta_2023_adj	F2	OK	21	Inverse variance weighted	-0.0302782702837936	0.0366725334574644	0.409008960071436
Gupta_2023_adj__F2	Gupta_2023_adj	F2	OK	21	MR Egger	-0.171478720469933	0.0699776195360242	0.0241245404370049
Gupta_2023_adj__F2	Gupta_2023_adj	F2	OK	21	Weighted median	-0.0677511507226013	0.0395586266258542	0.0867719752586501
Gupta_2023_adj__F2	Gupta_2023_adj	F2	OK	21	Robust adjusted profile score (RAPS)	-0.0462332927894537	0.0375076854754603	0.217711903932997
Gupta_2023_adj__F3	Gupta_2023_adj	F3	OK	21	Inverse variance weighted	-0.0789227772082635	0.0375705568139475	0.0356712641353177
Gupta_2023_adj__F3	Gupta_2023_adj	F3	OK	21	MR Egger	-0.000873553902190746	0.0774125640837133	0.991114193668087
Gupta_2023_adj__F3	Gupta_2023_adj	F3	OK	21	Weighted median	-0.0165262314446526	0.0475629180437157	0.728245449201782
Gupta_2023_adj__F3	Gupta_2023_adj	F3	OK	21	Robust adjusted profile score (RAPS)	-0.0747517850882091	0.0336318707436449	0.0262395953216613
Gupta_2023_adj__F4	Gupta_2023_adj	F4	OK	21	Inverse variance weighted	0.0143491941622586	0.0134196945318698	0.284950797602385
Gupta_2023_adj__F4	Gupta_2023_adj	F4	OK	21	MR Egger	-0.0146655612431496	0.0276556397894529	0.602052837400263
Gupta_2023_adj__F4	Gupta_2023_adj	F4	OK	21	Weighted median	0.00489733816151858	0.0129645198661843	0.705616848649578
Gupta_2023_adj__F4	Gupta_2023_adj	F4	OK	21	Robust adjusted profile score (RAPS)	0.0104611105962687	0.0132837177023957	0.430981171298302
Gupta_2023_adj__F5	Gupta_2023_adj	F5	OK	21	Inverse variance weighted	0.0277299200436659	0.0184569878736559	0.132991858158641
Gupta_2023_adj__F5	Gupta_2023_adj	F5	OK	21	MR Egger	0.0110210594766617	0.0362602734078425	0.764474799806365
Gupta_2023_adj__F5	Gupta_2023_adj	F5	OK	21	Weighted median	0.00805879124246507	0.0219376773024741	0.713358455956135
Gupta_2023_adj__F5	Gupta_2023_adj	F5	OK	21	Robust adjusted profile score (RAPS)	0.0211809688216173	0.0190782048665215	0.266905044549477
Gupta_2023_adj__BMI	Gupta_2023_adj	BMI	OK	24	Inverse variance weighted	0.0458923856537072	0.0220189642892954	0.0371400781485755
Gupta_2023_adj__BMI	Gupta_2023_adj	BMI	OK	24	MR Egger	0.0131055661110161	0.0429838597575516	0.76331183271019
Gupta_2023_adj__BMI	Gupta_2023_adj	BMI	OK	24	Weighted median	0.0164996701214244	0.0176089675362111	0.348756584960721
Gupta_2023_adj__BMI	Gupta_2023_adj	BMI	OK	24	Robust adjusted profile score (RAPS)	0.0410708921359278	0.0198216290862765	0.0382631985846396
Gupta_2023_adj__Height	Gupta_2023_adj	Height	OK	22	Inverse variance weighted	-0.00997125492417686	0.0300154101556165	0.739734830909924
Gupta_2023_adj__Height	Gupta_2023_adj	Height	OK	22	MR Egger	-0.0291463520969703	0.0597004345271033	0.630710758313988
Gupta_2023_adj__Height	Gupta_2023_adj	Height	OK	22	Weighted median	-0.0147605667311853	0.014511181870165	0.309065096033547
Gupta_2023_adj__Height	Gupta_2023_adj	Height	OK	22	Robust adjusted profile score (RAPS)	0.00158254961661643	0.0252031025065977	0.949932249992241
Gupta_2023_raw__SCZ	Gupta_2023_raw	SCZ	OK	63	Inverse variance weighted	-0.0742149426465358	0.0543414240890386	0.17202817640645
Gupta_2023_raw__SCZ	Gupta_2023_raw	SCZ	OK	63	MR Egger	-0.166012854160206	0.129174753838755	0.204424120165278
Gupta_2023_raw__SCZ	Gupta_2023_raw	SCZ	OK	63	Weighted median	-0.115053126346208	0.0530687619339837	0.030158614174143
Gupta_2023_raw__SCZ	Gupta_2023_raw	SCZ	OK	63	Robust adjusted profile score (RAPS)	-0.0666488325354261	0.0516830440047527	0.197200471468348
Gupta_2023_raw__BD	Gupta_2023_raw	BD	OK	62	Inverse variance weighted	0.0275373676148651	0.0361457892794302	0.446154520952823
Gupta_2023_raw__BD	Gupta_2023_raw	BD	OK	62	MR Egger	0.0307898755404358	0.0858106710871346	0.721217126043036
Gupta_2023_raw__BD	Gupta_2023_raw	BD	OK	62	Weighted median	0.0773295989286796	0.0530938942058878	0.145263076044671
Gupta_2023_raw__BD	Gupta_2023_raw	BD	OK	62	Robust adjusted profile score (RAPS)	0.0237944846307932	0.0375528759618252	0.52632482359891
Gupta_2023_raw__MDD	Gupta_2023_raw	MDD	OK	58	Inverse variance weighted	-0.0121960908011968	0.0181852041432016	0.502437087470705
Gupta_2023_raw__MDD	Gupta_2023_raw	MDD	OK	58	MR Egger	-0.0413450017674734	0.0421578335879272	0.331360778923494
Gupta_2023_raw__MDD	Gupta_2023_raw	MDD	OK	58	Weighted median	-0.0119089380332429	0.0205929851383947	0.56306111165608
Gupta_2023_raw__MDD	Gupta_2023_raw	MDD	OK	58	Robust adjusted profile score (RAPS)	-0.013018303197767	0.0179683366886305	0.468750518484166
Gupta_2023_raw__ADHD	Gupta_2023_raw	ADHD	OK	55	Inverse variance weighted	-0.102878496888343	0.0526169623168856	0.0505554052236518
Gupta_2023_raw__ADHD	Gupta_2023_raw	ADHD	OK	55	MR Egger	-0.0372959843457361	0.126845224521461	0.770088872026973
Gupta_2023_raw__ADHD	Gupta_2023_raw	ADHD	OK	55	Weighted median	-0.0677867443337435	0.0674512844289415	0.314909675024495
Gupta_2023_raw__ADHD	Gupta_2023_raw	ADHD	OK	55	Robust adjusted profile score (RAPS)	-0.106672323276439	0.0572681712997695	0.0625071883976523
Gupta_2023_raw__ASD	Gupta_2023_raw	ASD	OK	64	Inverse variance weighted	-0.180000412366907	0.0614098850032141	0.00337730423026845
Gupta_2023_raw__ASD	Gupta_2023_raw	ASD	OK	64	MR Egger	-0.0212708235585718	0.142669009693626	0.882046819885854
Gupta_2023_raw__ASD	Gupta_2023_raw	ASD	OK	64	Weighted median	-0.128495968405138	0.0907508218148493	0.156798719504559
Gupta_2023_raw__ASD	Gupta_2023_raw	ASD	OK	64	Robust adjusted profile score (RAPS)	-0.193128953510098	0.0638212664240094	0.00247737813483339
Gupta_2023_raw__ANX	Gupta_2023_raw	ANX	OK	59	Inverse variance weighted	-0.00947319698330801	0.0294082237467602	0.747356121501134
Gupta_2023_raw__ANX	Gupta_2023_raw	ANX	OK	59	MR Egger	-0.0168308135909675	0.0700200432381317	0.810904797390404
Gupta_2023_raw__ANX	Gupta_2023_raw	ANX	OK	59	Weighted median	0.0339499429135241	0.035259451885878	0.335617400127502
Gupta_2023_raw__ANX	Gupta_2023_raw	ANX	OK	59	Robust adjusted profile score (RAPS)	-0.00347061387982137	0.0298400736480985	0.907409120306887
Gupta_2023_raw__OCD	Gupta_2023_raw	OCD	OK	57	Inverse variance weighted	-0.045548638154465	0.0492178909371534	0.35473250409377
Gupta_2023_raw__OCD	Gupta_2023_raw	OCD	OK	57	MR Egger	-0.0716071620112582	0.116921309723557	0.542771326130418
Gupta_2023_raw__OCD	Gupta_2023_raw	OCD	OK	57	Weighted median	0.0423872956800866	0.0695957360408154	0.54249117731838
Gupta_2023_raw__OCD	Gupta_2023_raw	OCD	OK	57	Robust adjusted profile score (RAPS)	-0.0282970204227247	0.0499854264810624	0.571322124886792
Gupta_2023_raw__PTSD	Gupta_2023_raw	PTSD	OK	61	Inverse variance weighted	-0.00348570099944638	0.00950025044448106	0.713688970105162
Gupta_2023_raw__PTSD	Gupta_2023_raw	PTSD	OK	61	MR Egger	-0.0123024987437537	0.0226019001000755	0.58831297745471
Gupta_2023_raw__PTSD	Gupta_2023_raw	PTSD	OK	61	Weighted median	0.00620605387794904	0.0114067390491026	0.586393945441723
Gupta_2023_raw__PTSD	Gupta_2023_raw	PTSD	OK	61	Robust adjusted profile score (RAPS)	-0.00088677674012112	0.00940767134405325	0.924901809870403
Gupta_2023_raw__AN	Gupta_2023_raw	AN	OK	60	Inverse variance weighted	0.0428810599487356	0.0628292481190257	0.494921855740208
Gupta_2023_raw__AN	Gupta_2023_raw	AN	OK	60	MR Egger	0.0434716345409646	0.153790825304795	0.778622559384445
Gupta_2023_raw__AN	Gupta_2023_raw	AN	OK	60	Weighted median	-0.00598302038541721	0.0953818259905244	0.949983858542932
Gupta_2023_raw__AN	Gupta_2023_raw	AN	OK	60	Robust adjusted profile score (RAPS)	0.0554979670579613	0.0677297628124286	0.412556555710369
Gupta_2023_raw__BPD	Gupta_2023_raw	BPD	OK	47	Inverse variance weighted	-0.0698354159583491	0.0817516362951795	0.392972714255341
Gupta_2023_raw__BPD	Gupta_2023_raw	BPD	OK	47	MR Egger	0.00278027807354869	0.195778090025287	0.988732262043229
Gupta_2023_raw__BPD	Gupta_2023_raw	BPD	OK	47	Weighted median	-0.0907677180894561	0.110808611237209	0.412706788228195
Gupta_2023_raw__BPD	Gupta_2023_raw	BPD	OK	47	Robust adjusted profile score (RAPS)	-0.132949765200049	0.0826468366424602	0.107693076097646
Gupta_2023_raw__TS	Gupta_2023_raw	TS	OK	60	Inverse variance weighted	0.25518580028931	0.117691997567081	0.030139588650566
Gupta_2023_raw__TS	Gupta_2023_raw	TS	OK	60	MR Egger	-0.00548201528972486	0.27833410393475	0.984362889902385
Gupta_2023_raw__TS	Gupta_2023_raw	TS	OK	60	Weighted median	0.263832839120895	0.174733879527018	0.13106579611986
Gupta_2023_raw__TS	Gupta_2023_raw	TS	OK	60	Robust adjusted profile score (RAPS)	0.227368159419883	0.132205318828339	0.0854668054155131
Gupta_2023_raw__PPD	Gupta_2023_raw	PPD	OK	67	Inverse variance weighted	0.0166903212870195	0.0579342345411421	0.77327721745061
Gupta_2023_raw__PPD	Gupta_2023_raw	PPD	OK	67	MR Egger	-0.0976180948064619	0.140353771373543	0.489250720495654
Gupta_2023_raw__PPD	Gupta_2023_raw	PPD	OK	67	Weighted median	-0.0430238734208178	0.0869544127311317	0.620750803232651
Gupta_2023_raw__PPD	Gupta_2023_raw	PPD	OK	67	Robust adjusted profile score (RAPS)	0.00329320050820204	0.0601510806808397	0.956338577318129
Gupta_2023_raw__ADR_PercImp	Gupta_2023_raw	ADR_PercImp	OK	57	Inverse variance weighted	-0.0570062633158688	0.0904904921170546	0.528714443789324
Gupta_2023_raw__ADR_PercImp	Gupta_2023_raw	ADR_PercImp	OK	57	MR Egger	-0.17804729388141	0.223342539565142	0.428829891138653
Gupta_2023_raw__ADR_PercImp	Gupta_2023_raw	ADR_PercImp	OK	57	Weighted median	-0.184233612372987	0.139533357344337	0.186716409634125
Gupta_2023_raw__ADR_PercImp	Gupta_2023_raw	ADR_PercImp	OK	57	Robust adjusted profile score (RAPS)	-0.0638281851724457	0.09353965970629	0.495008213249536
Gupta_2023_raw__ADR_NonRem	Gupta_2023_raw	ADR_NonRem	OK	47	Inverse variance weighted	0.049553543461021	0.220578629913038	0.822249609631776
Gupta_2023_raw__ADR_NonRem	Gupta_2023_raw	ADR_NonRem	OK	47	MR Egger	0.228438721925905	0.537884810433834	0.673126316065053
Gupta_2023_raw__ADR_NonRem	Gupta_2023_raw	ADR_NonRem	OK	47	Weighted median	0.0537518523762458	0.307296225643389	0.861143526373165
Gupta_2023_raw__ADR_NonRem	Gupta_2023_raw	ADR_NonRem	OK	47	Robust adjusted profile score (RAPS)	0.0496993593928501	0.227120576671662	0.826787403327719
Gupta_2023_raw__BD_noUKBB	Gupta_2023_raw	BD_noUKBB	OK	63	Inverse variance weighted	0.0509225059312507	0.0459874810233365	0.268158904279599
Gupta_2023_raw__BD_noUKBB	Gupta_2023_raw	BD_noUKBB	OK	63	MR Egger	0.0622336894719652	0.109793325293124	0.57294700227209
Gupta_2023_raw__BD_noUKBB	Gupta_2023_raw	BD_noUKBB	OK	63	Weighted median	0.0897453206043878	0.0653259067482848	0.169500976920221
Gupta_2023_raw__BD_noUKBB	Gupta_2023_raw	BD_noUKBB	OK	63	Robust adjusted profile score (RAPS)	0.0682851132830152	0.0501274442379203	0.173125279970993
Gupta_2023_raw__MDD_noUKBB	Gupta_2023_raw	MDD_noUKBB	OK	65	Inverse variance weighted	0.000463731772642177	0.043794317260815	0.991551472186035
Gupta_2023_raw__MDD_noUKBB	Gupta_2023_raw	MDD_noUKBB	OK	65	MR Egger	-0.0543602741855996	0.105298699671346	0.607517409160666
Gupta_2023_raw__MDD_noUKBB	Gupta_2023_raw	MDD_noUKBB	OK	65	Weighted median	-0.0482520482446316	0.0593216790315624	0.415990744644449
Gupta_2023_raw__MDD_noUKBB	Gupta_2023_raw	MDD_noUKBB	OK	65	Robust adjusted profile score (RAPS)	0.00404468845777216	0.0430206831693559	0.925095414526325
Gupta_2023_raw__BPD_noUKBB	Gupta_2023_raw	BPD_noUKBB	OK	47	Inverse variance weighted	-0.10205029563497	0.0783301127709709	0.192635095802077
Gupta_2023_raw__BPD_noUKBB	Gupta_2023_raw	BPD_noUKBB	OK	47	MR Egger	0.0424246943526932	0.185691872569987	0.820340767187905
Gupta_2023_raw__BPD_noUKBB	Gupta_2023_raw	BPD_noUKBB	OK	47	Weighted median	-0.0726375612204125	0.113496679173712	0.522174394876226
Gupta_2023_raw__BPD_noUKBB	Gupta_2023_raw	BPD_noUKBB	OK	47	Robust adjusted profile score (RAPS)	-0.147686500233712	0.0792172199286277	0.0622763319966341
Gupta_2023_raw__PFactor	Gupta_2023_raw	PFactor	OK	28	Inverse variance weighted	-0.00206927520944568	0.0123344414351842	0.866768946373876
Gupta_2023_raw__PFactor	Gupta_2023_raw	PFactor	OK	28	MR Egger	-0.0280273888793631	0.0292563540731006	0.346890303062172
Gupta_2023_raw__PFactor	Gupta_2023_raw	PFactor	OK	28	Weighted median	0.00506988228595241	0.010775812132716	0.638006936775691
Gupta_2023_raw__PFactor	Gupta_2023_raw	PFactor	OK	28	Robust adjusted profile score (RAPS)	-0.00136642504836501	0.011850544041608	0.908203504612883
Gupta_2023_raw__F1	Gupta_2023_raw	F1	OK	28	Inverse variance weighted	0.0285434373808901	0.0374916206031343	0.446460912068742
Gupta_2023_raw__F1	Gupta_2023_raw	F1	OK	28	MR Egger	-0.0843998657678906	0.0906574278288884	0.360430555987881
Gupta_2023_raw__F1	Gupta_2023_raw	F1	OK	28	Weighted median	0.0476606036042651	0.0533286774373357	0.371474752427398
Gupta_2023_raw__F1	Gupta_2023_raw	F1	OK	28	Robust adjusted profile score (RAPS)	0.0414588207138669	0.0389185056814702	0.286752553684682
Gupta_2023_raw__F2	Gupta_2023_raw	F2	OK	28	Inverse variance weighted	0.0143248962581316	0.0357987625839581	0.689045598575987
Gupta_2023_raw__F2	Gupta_2023_raw	F2	OK	28	MR Egger	-0.128741695687994	0.0820043431514731	0.1285211292465
Gupta_2023_raw__F2	Gupta_2023_raw	F2	OK	28	Weighted median	-0.045301575743177	0.0385544084021928	0.239993202118579
Gupta_2023_raw__F2	Gupta_2023_raw	F2	OK	28	Robust adjusted profile score (RAPS)	0.014940265291565	0.0364228591016443	0.681667125391259
Gupta_2023_raw__F3	Gupta_2023_raw	F3	OK	28	Inverse variance weighted	-0.0742031544060283	0.0330349596807004	0.0246911460362861
Gupta_2023_raw__F3	Gupta_2023_raw	F3	OK	28	MR Egger	0.0171278657485953	0.0785089893068852	0.829004310066796
Gupta_2023_raw__F3	Gupta_2023_raw	F3	OK	28	Weighted median	-0.0305332519251171	0.0432376077419574	0.480080260460752
Gupta_2023_raw__F3	Gupta_2023_raw	F3	OK	28	Robust adjusted profile score (RAPS)	-0.0642425042805561	0.0308660769343095	0.0374036743528686
Gupta_2023_raw__F4	Gupta_2023_raw	F4	OK	28	Inverse variance weighted	-0.000285565379315575	0.0136144506468439	0.98326546498216
Gupta_2023_raw__F4	Gupta_2023_raw	F4	OK	28	MR Egger	-0.0246465636403769	0.0327853790222036	0.458950128544269
Gupta_2023_raw__F4	Gupta_2023_raw	F4	OK	28	Weighted median	0.012208566684698	0.0132088484966967	0.355344801148905
Gupta_2023_raw__F4	Gupta_2023_raw	F4	OK	28	Robust adjusted profile score (RAPS)	0.00057409251485562	0.0135054593901823	0.966093589997803
Gupta_2023_raw__F5	Gupta_2023_raw	F5	OK	28	Inverse variance weighted	-0.00714647877296872	0.0217455708220119	0.742427310451713
Gupta_2023_raw__F5	Gupta_2023_raw	F5	OK	28	MR Egger	0.000573237075196153	0.0484326497998155	0.990647005213989
Gupta_2023_raw__F5	Gupta_2023_raw	F5	OK	28	Weighted median	0.000303856351931892	0.0225559755399625	0.989251852181405
Gupta_2023_raw__F5	Gupta_2023_raw	F5	OK	28	Robust adjusted profile score (RAPS)	-0.00200330735915856	0.0205199210634557	0.922228134740962
Gupta_2023_raw__BMI	Gupta_2023_raw	BMI	OK	20	Inverse variance weighted	0.00363990843152904	0.0215739343176977	0.866018555280273
Gupta_2023_raw__BMI	Gupta_2023_raw	BMI	OK	20	MR Egger	0.00337602756815976	0.0571123006455378	0.953514155744913
Gupta_2023_raw__BMI	Gupta_2023_raw	BMI	OK	20	Weighted median	-0.0150379394390538	0.0161011574886977	0.350321246337606
Gupta_2023_raw__BMI	Gupta_2023_raw	BMI	OK	20	Robust adjusted profile score (RAPS)	-0.00427727230570462	0.0171082521450717	0.802577889141204
Gupta_2023_raw__Height	Gupta_2023_raw	Height	OK	19	Inverse variance weighted	-0.0112949150906321	0.032875377113431	0.731171478967165
Gupta_2023_raw__Height	Gupta_2023_raw	Height	OK	19	MR Egger	0.0585939301353255	0.0838930301561004	0.494348801811217
Gupta_2023_raw__Height	Gupta_2023_raw	Height	OK	19	Weighted median	-0.00947031241346332	0.0140875502112478	0.501426507465988
Gupta_2023_raw__Height	Gupta_2023_raw	Height	OK	19	Robust adjusted profile score (RAPS)	0.00233536122162286	0.0282174974448332	0.934040089053279
